,smiles,sequence,interactions
0,1,1,1
1,2,2,1
2,4,4,0
3,5,5,0
4,6,6,0
5,7,7,0
6,8,8,1
7,9,9,0
8,10,10,1
9,11,11,0
10,13,13,0
11,14,14,0
12,16,15,1
13,17,16,1
14,19,18,0
15,21,20,0
16,22,21,0
17,23,22,0
18,24,23,0
19,27,26,1
20,28,27,0
21,29,28,0
22,30,29,0
23,31,30,1
24,33,1,1
25,34,32,0
26,20,33,1
27,31,36,1
28,37,37,0
29,20,39,1
30,39,40,1
31,40,41,0
32,41,43,0
33,43,45,0
34,44,32,0
35,45,30,1
36,46,46,0
37,47,47,0
38,48,48,1
39,49,1,1
40,51,49,0
41,13,50,0
42,39,51,1
43,53,52,0
44,55,1,1
45,56,54,0
46,57,55,0
47,14,56,0
48,59,57,0
49,60,58,0
50,62,2,1
51,63,60,0
52,66,62,0
53,67,8,1
54,68,13,0
55,69,64,0
56,70,65,0
57,73,68,0
58,74,69,0
59,75,70,0
60,76,71,1
61,52,72,1
62,77,73,0
63,39,74,1
64,81,76,0
65,85,80,0
66,86,81,0
67,87,15,1
68,20,82,1
69,88,83,1
70,90,84,0
71,91,85,1
72,92,86,0
73,93,87,0
74,94,88,1
75,95,89,0
76,96,93,0
77,98,95,0
78,97,97,0
79,66,98,0
80,66,99,0
81,100,1,1
82,103,101,0
83,104,102,0
84,108,105,0
85,20,106,1
86,109,107,0
87,110,1,1
88,111,108,1
89,20,110,1
90,39,112,1
91,115,1,1
92,116,114,0
93,117,115,0
94,81,116,0
95,23,117,0
96,120,1,1
97,121,119,1
98,122,120,0
99,123,1,1
100,124,121,0
101,126,125,0
102,20,126,1
103,39,127,1
104,127,128,0
105,20,106,1
106,128,129,1
107,129,130,1
108,130,131,1
109,131,8,1
110,33,1,1
111,134,1,0
112,135,134,0
113,136,135,0
114,137,2,1
115,59,136,0
116,31,138,1
117,139,140,0
118,31,144,1
119,142,145,0
120,143,146,1
121,144,148,0
122,147,150,0
123,148,46,0
124,149,151,1
125,150,152,0
126,151,153,0
127,152,154,1
128,31,155,1
129,53,157,0
130,153,1,1
131,154,158,0
132,155,159,0
133,157,161,0
134,39,131,1
135,20,162,1
136,158,163,0
137,6,164,0
138,160,140,0
139,20,166,1
140,12,167,0
141,162,150,0
142,163,169,0
143,39,170,1
144,90,171,0
145,166,173,0
146,167,174,0
147,168,173,0
148,170,1,1
149,171,175,0
150,172,1,1
151,173,101,0
152,174,177,0
153,175,178,1
154,177,180,1
155,47,181,0
156,120,2,1
157,178,182,0
158,88,183,1
159,179,20,0
160,180,184,0
161,181,185,0
162,182,186,0
163,183,187,0
164,184,178,1
165,185,65,0
166,187,189,1
167,189,191,1
168,191,194,0
169,94,195,1
170,193,197,0
171,71,198,0
172,195,191,1
173,196,199,0
174,20,200,1
175,18,201,1
176,198,203,0
177,199,2,1
178,200,1,1
179,201,205,0
180,202,206,0
181,162,208,0
182,204,1,1
183,206,209,0
184,207,211,0
185,210,213,0
186,211,215,0
187,212,216,0
188,31,218,1
189,215,221,0
190,39,222,1
191,216,223,0
192,202,226,0
193,219,227,0
194,221,228,0
195,222,229,0
196,223,230,1
197,205,232,1
198,225,233,0
199,226,234,1
200,228,236,1
201,229,71,1
202,130,83,1
203,230,238,0
204,20,239,1
205,231,1,1
206,39,218,1
207,163,242,0
208,187,243,1
209,234,54,0
210,100,1,1
211,235,8,1
212,31,244,1
213,20,183,1
214,236,246,0
215,42,247,0
216,237,14,0
217,238,248,0
218,20,249,1
219,239,250,0
220,25,170,1
221,240,234,1
222,241,251,1
223,20,252,1
224,36,218,0
225,225,253,0
226,242,15,1
227,134,254,0
228,39,255,1
229,243,256,0
230,18,257,1
231,150,258,0
232,214,181,0
233,244,259,1
234,245,261,1
235,31,15,1
236,31,262,1
237,246,8,1
238,248,2,1
239,250,264,0
240,251,1,1
241,232,265,0
242,134,266,0
243,252,267,0
244,254,269,1
245,247,270,1
246,255,271,0
247,259,108,1
248,97,273,0
249,260,274,0
250,261,275,0
251,262,277,0
252,263,170,1
253,247,85,1
254,265,278,0
255,121,281,1
256,109,282,0
257,269,283,1
258,271,1,1
259,31,284,1
260,272,285,0
261,80,234,1
262,273,286,0
263,39,287,1
264,39,288,1
265,31,289,1
266,275,290,0
267,276,1,1
268,277,291,0
269,280,293,0
270,282,295,0
271,270,296,1
272,285,174,1
273,88,298,1
274,286,300,0
275,287,1,1
276,288,1,1
277,289,301,0
278,291,303,0
279,20,71,1
280,294,305,0
281,295,129,0
282,196,306,0
283,31,309,1
284,159,311,0
285,297,8,1
286,97,313,0
287,39,315,1
288,298,316,1
289,14,318,0
290,147,286,0
291,302,167,0
292,0,167,0
293,303,1,1
294,294,285,0
295,39,320,1
296,304,2,1
297,128,129,1
298,306,15,1
299,307,1,1
300,308,322,0
301,309,324,1
302,311,326,0
303,270,327,1
304,82,328,0
305,60,329,0
306,18,287,1
307,312,331,0
308,31,332,1
309,39,333,1
310,313,1,1
311,314,1,1
312,316,36,0
313,317,336,0
314,318,337,0
315,319,338,1
316,320,259,1
317,321,178,1
318,18,183,1
319,322,339,0
320,323,1,1
321,324,340,0
322,325,341,1
323,326,1,1
324,327,1,1
325,328,342,1
326,329,1,1
327,177,26,1
328,330,117,1
329,80,178,1
330,331,344,0
331,332,346,1
332,322,347,0
333,70,348,0
334,333,349,0
335,20,183,1
336,334,351,0
337,270,353,1
338,97,354,0
339,60,355,0
340,31,119,1
341,31,357,1
342,86,358,0
343,336,1,1
344,337,26,1
345,163,324,0
346,210,359,0
347,49,1,1
348,163,360,0
349,31,361,1
350,96,362,0
351,338,363,0
352,339,364,0
353,341,283,1
354,342,366,0
355,343,367,0
356,345,230,1
357,346,369,0
358,347,1,1
359,348,370,0
360,39,151,1
361,349,191,1
362,121,371,1
363,350,372,0
364,14,373,0
365,351,374,1
366,354,342,1
367,39,85,1
368,355,151,1
369,178,1,1
370,20,376,1
371,39,377,1
372,31,378,1
373,155,379,0
374,94,178,1
375,135,380,0
376,42,381,0
377,360,383,0
378,361,384,0
379,174,385,0
380,314,1,1
381,302,367,0
382,36,386,0
383,362,1,1
384,363,1,1
385,39,296,1
386,364,8,1
387,365,387,1
388,31,40,1
389,332,388,1
390,180,389,0
391,225,390,0
392,66,267,0
393,121,112,1
394,133,392,0
395,305,393,0
396,60,394,0
397,367,8,1
398,368,395,0
399,370,1,1
400,372,121,0
401,277,397,0
402,373,398,1
403,31,88,1
404,375,20,0
405,378,101,0
406,14,144,0
407,20,170,1
408,237,404,0
409,380,405,0
410,91,406,1
411,381,407,0
412,382,408,0
413,162,409,0
414,385,410,0
415,72,411,0
416,386,412,1
417,387,379,0
418,143,413,1
419,39,26,1
420,141,414,0
421,31,415,1
422,33,1,1
423,39,417,1
424,389,15,1
425,390,419,0
426,391,420,0
427,392,200,0
428,31,421,1
429,394,303,0
430,14,22,0
431,154,426,0
432,39,69,1
433,397,427,0
434,398,388,1
435,379,169,0
436,401,429,0
437,91,236,1
438,402,1,1
439,403,1,1
440,404,117,1
441,405,430,0
442,408,433,0
443,409,434,0
444,411,15,1
445,412,277,0
446,413,436,0
447,414,437,1
448,415,438,0
449,416,295,0
450,417,439,0
451,418,440,1
452,105,441,1
453,74,274,0
454,173,442,0
455,419,443,1
456,309,324,1
457,20,183,1
458,247,296,1
459,39,444,1
460,421,446,1
461,318,447,0
462,60,448,0
463,15,83,1
464,423,437,1
465,424,2,1
466,425,1,1
467,138,450,0
468,426,451,0
469,428,452,0
470,429,154,1
471,430,71,1
472,392,367,0
473,104,454,0
474,432,1,1
475,68,457,0
476,31,458,1
477,433,459,0
478,434,15,1
479,435,460,0
480,17,462,1
481,134,69,0
482,23,467,0
483,437,1,1
484,438,1,1
485,39,468,1
486,214,470,0
487,193,473,0
488,23,358,0
489,259,474,1
490,20,476,1
491,31,438,1
492,292,72,1
493,441,278,0
494,442,478,1
495,39,479,1
496,443,480,1
497,223,232,1
498,445,481,0
499,446,482,0
500,437,1,1
501,105,485,1
502,450,151,1
503,256,170,1
504,252,486,0
505,452,1,1
506,20,487,1
507,309,488,1
508,453,489,0
509,151,490,0
510,408,491,0
511,14,492,0
512,454,191,1
513,455,493,1
514,456,15,1
515,46,494,0
516,42,495,0
517,457,473,0
518,23,496,0
519,105,497,1
520,228,151,1
521,138,498,0
522,459,499,1
523,460,500,0
524,20,501,1
525,461,200,0
526,286,502,0
527,462,503,1
528,228,377,1
529,201,457,0
530,39,296,1
531,252,29,0
532,464,506,1
533,73,507,0
534,155,508,0
535,420,509,0
536,105,510,1
537,467,479,1
538,468,511,1
539,177,26,1
540,469,513,0
541,471,316,1
542,86,514,0
543,134,421,0
544,86,372,0
545,473,515,0
546,210,516,0
547,31,517,1
548,20,518,1
549,3,519,1
550,476,2,1
551,333,520,0
552,286,521,0
553,477,522,0
554,478,524,0
555,479,525,0
556,480,526,0
557,39,527,1
558,39,117,1
559,38,88,1
560,39,529,1
561,272,531,0
562,13,457,0
563,105,265,1
564,228,151,1
565,482,128,0
566,31,374,1
567,275,532,0
568,181,534,0
569,433,4,0
570,485,536,0
571,177,26,1
572,486,228,0
573,487,537,0
574,488,517,0
575,489,387,1
576,224,315,0
577,196,540,0
578,142,541,0
579,406,250,0
580,490,238,0
581,491,130,1
582,492,191,1
583,66,542,0
584,86,543,0
585,39,15,1
586,494,223,0
587,495,233,1
588,402,1,1
589,259,316,1
590,39,108,1
591,405,99,0
592,497,546,1
593,31,498,1
594,262,547,0
595,20,536,1
596,498,305,0
597,470,548,1
598,500,551,0
599,39,552,1
600,294,554,0
601,501,383,1
602,20,480,1
603,201,555,0
604,502,174,1
605,155,73,0
606,503,1,1
607,162,556,0
608,504,318,0
609,20,541,1
610,506,558,0
611,507,559,0
612,31,560,1
613,508,406,1
614,509,229,0
615,510,250,0
616,511,349,0
617,512,561,0
618,513,562,1
619,514,271,0
620,412,243,0
621,91,563,1
622,390,566,0
623,150,46,0
624,516,71,1
625,360,373,0
626,248,1,1
627,517,341,1
628,121,331,1
629,372,569,0
630,20,570,1
631,256,571,1
632,518,1,1
633,519,1,1
634,520,459,0
635,262,572,0
636,521,573,1
637,522,293,0
638,15,575,1
639,20,576,1
640,523,577,0
641,143,287,1
642,190,520,0
643,134,246,0
644,226,578,1
645,526,446,1
646,528,327,1
647,529,583,0
648,252,584,0
649,531,586,0
650,279,154,0
651,74,576,0
652,533,191,1
653,508,440,1
654,294,174,0
655,20,71,1
656,252,419,0
657,55,2,1
658,534,587,0
659,39,588,1
660,535,589,1
661,160,590,0
662,536,592,1
663,97,593,0
664,102,20,0
665,98,286,0
666,537,108,1
667,539,519,1
668,176,597,0
669,39,510,1
670,67,598,1
671,540,599,0
672,312,600,0
673,518,1,1
674,39,601,1
675,15,26,1
676,541,603,0
677,237,604,0
678,542,605,0
679,543,606,1
680,544,607,0
681,401,608,0
682,545,250,0
683,546,609,0
684,20,468,1
685,548,611,1
686,550,85,1
687,467,613,1
688,181,131,0
689,228,614,1
690,337,498,1
691,551,30,1
692,67,8,1
693,552,573,1
694,208,230,1
695,49,1,1
696,252,616,0
697,553,617,1
698,286,618,0
699,270,327,1
700,202,389,0
701,38,621,0
702,557,338,1
703,70,556,0
704,14,626,0
705,560,460,0
706,252,627,0
707,20,628,1
708,18,629,1
709,561,630,0
710,563,631,0
711,20,378,1
712,565,398,1
713,566,546,1
714,9,305,0
715,567,632,1
716,568,433,0
717,39,151,1
718,490,633,0
719,569,634,0
720,15,83,1
721,100,1,1
722,570,635,0
723,179,605,0
724,459,183,1
725,571,130,1
726,60,637,0
727,573,1,1
728,31,639,1
729,360,640,0
730,574,641,0
731,575,642,1
732,100,2,1
733,138,643,0
734,31,155,1
735,254,644,1
736,226,571,1
737,576,645,0
738,511,646,0
739,74,648,0
740,577,437,1
741,465,578,1
742,294,649,0
743,578,148,0
744,196,650,0
745,579,651,1
746,580,652,0
747,582,194,0
748,583,534,0
749,39,601,1
750,584,233,0
751,490,452,0
752,512,653,0
753,276,1,1
754,585,654,0
755,224,655,0
756,39,398,1
757,586,5,0
758,587,656,1
759,588,657,0
760,254,236,1
761,185,658,0
762,224,659,0
763,592,64,0
764,39,663,1
765,239,177,0
766,269,1,1
767,31,664,1
768,286,665,0
769,124,666,0
770,91,667,1
771,595,2,1
772,596,668,1
773,3,669,1
774,277,670,0
775,597,232,1
776,66,161,0
777,370,1,1
778,31,288,1
779,598,130,1
780,599,218,0
781,600,300,0
782,603,672,1
783,604,673,0
784,605,15,1
785,606,407,0
786,23,69,0
787,608,151,1
788,39,674,1
789,20,676,1
790,60,677,0
791,181,678,0
792,612,592,1
793,134,81,0
794,613,130,1
795,614,681,0
796,615,117,1
797,368,682,0
798,616,443,1
799,618,683,0
800,587,127,1
801,434,684,1
802,619,8,1
803,300,128,0
804,621,686,0
805,515,430,0
806,105,628,1
807,181,688,0
808,1,283,1
809,192,250,0
810,624,1,1
811,625,341,0
812,163,691,0
813,627,692,0
814,629,694,0
815,607,164,0
816,237,695,0
817,181,696,0
818,603,697,1
819,31,398,1
820,568,701,0
821,632,1,1
822,422,703,0
823,39,41,1
824,570,704,0
825,177,26,1
826,39,706,1
827,634,707,0
828,431,708,0
829,254,710,1
830,555,711,0
831,31,392,1
832,636,655,0
833,74,713,0
834,637,15,1
835,31,446,1
836,638,264,0
837,514,714,0
838,639,474,1
839,590,474,1
840,329,154,1
841,473,452,0
842,640,2,1
843,642,404,0
844,70,256,0
845,644,15,1
846,645,561,1
847,618,717,0
848,7,218,0
849,15,718,1
850,20,719,1
851,647,191,1
852,648,720,0
853,649,155,0
854,341,1,1
855,584,722,0
856,650,723,0
857,31,724,1
858,183,727,0
859,132,728,0
860,60,730,0
861,163,732,0
862,656,271,0
863,657,480,1
864,17,733,1
865,208,735,1
866,515,331,0
867,658,338,1
868,659,1,1
869,382,243,0
870,508,736,1
871,318,739,0
872,208,740,1
873,44,367,0
874,611,741,0
875,23,732,0
876,168,536,0
877,388,742,0
878,16,15,1
879,98,743,0
880,202,744,0
881,338,745,0
882,205,230,1
883,660,746,0
884,661,64,0
885,662,1,1
886,225,747,0
887,155,286,0
888,179,608,0
889,663,713,0
890,664,748,0
891,512,750,0
892,667,751,0
893,322,752,0
894,14,756,0
895,179,758,0
896,670,15,1
897,14,145,0
898,39,713,1
899,270,191,1
900,428,760,0
901,672,722,0
902,600,761,0
903,375,47,0
904,20,763,1
905,205,764,1
906,366,703,0
907,20,766,1
908,18,327,1
909,675,555,0
910,143,413,1
911,676,1,1
912,31,767,1
913,116,439,0
914,509,281,0
915,655,351,0
916,491,130,1
917,462,388,1
918,379,13,0
919,678,651,1
920,20,183,1
921,679,1,1
922,31,769,1
923,255,770,0
924,683,349,0
925,252,772,0
926,360,758,0
927,684,773,0
928,39,774,1
929,508,189,1
930,39,775,1
931,270,191,1
932,225,331,0
933,687,770,0
934,66,777,0
935,689,1,1
936,211,331,0
937,690,778,1
938,86,599,0
939,31,779,1
940,148,780,0
941,691,338,1
942,675,781,0
943,498,116,0
944,561,498,0
945,31,15,1
946,693,739,0
947,39,30,1
948,509,785,0
949,198,166,0
950,570,542,0
951,150,787,0
952,569,331,0
953,300,789,0
954,694,649,0
955,138,790,0
956,39,338,1
957,20,639,1
958,259,167,0
959,410,253,0
960,20,791,1
961,18,327,1
962,420,794,0
963,46,795,0
964,318,508,0
965,697,548,1
966,155,588,0
967,24,797,0
968,698,1,1
969,66,798,0
970,699,799,0
971,1,1,1
972,138,800,0
973,700,30,1
974,569,801,0
975,701,799,0
976,702,46,0
977,31,342,1
978,39,802,1
979,703,569,1
980,223,803,1
981,25,804,1
982,438,1,1
983,705,1,1
984,121,105,1
985,479,808,0
986,269,1,1
987,708,745,0
988,709,1,1
989,20,809,1
990,407,191,1
991,712,1,1
992,39,810,1
993,640,1,1
994,39,85,1
995,134,811,0
996,706,812,0
997,133,813,0
998,300,354,0
999,717,814,0
1000,718,651,1
1001,323,816,0
1002,721,191,1
1003,20,817,1
1004,722,1,1
1005,157,818,0
1006,279,1,0
1007,379,50,0
1008,724,822,0
1009,725,1,1
1010,23,823,0
1011,726,434,0
1012,485,824,0
1013,20,229,1
1014,728,236,0
1015,729,825,0
1016,39,185,1
1017,361,826,0
1018,730,1,1
1019,731,136,0
1020,196,828,0
1021,706,829,0
1022,732,339,0
1023,39,707,1
1024,39,183,1
1025,46,832,0
1026,379,835,0
1027,81,836,0
1028,50,72,1
1029,600,618,0
1030,339,837,0
1031,31,30,1
1032,270,838,1
1033,453,839,0
1034,395,840,0
1035,734,613,0
1036,270,842,1
1037,539,560,1
1038,735,844,0
1039,85,736,0
1040,7,845,0
1041,737,230,1
1042,23,846,0
1043,44,847,0
1044,281,108,0
1045,134,848,0
1046,738,785,0
1047,20,125,1
1048,31,849,1
1049,739,537,0
1050,595,1,1
1051,706,851,0
1052,86,608,0
1053,39,159,1
1054,740,852,1
1055,124,239,0
1056,576,853,0
1057,508,151,1
1058,741,182,0
1059,20,183,1
1060,742,854,0
1061,23,265,0
1062,744,856,0
1063,745,1,1
1064,746,837,0
1065,747,858,1
1066,31,388,1
1067,162,826,0
1068,286,218,0
1069,748,861,0
1070,749,191,1
1071,20,862,1
1072,751,252,1
1073,53,448,0
1074,66,68,0
1075,700,30,1
1076,251,1,1
1077,31,664,1
1078,9,772,0
1079,379,865,0
1080,754,15,1
1081,755,15,1
1082,756,28,0
1083,757,15,1
1084,759,868,0
1085,375,181,0
1086,760,869,0
1087,181,870,0
1088,28,871,0
1089,42,73,0
1090,138,73,0
1091,20,69,1
1092,70,872,0
1093,39,873,1
1094,762,1,1
1095,39,656,1
1096,763,542,0
1097,310,874,0
1098,471,669,1
1099,334,875,0
1100,231,1,1
1101,138,876,0
1102,765,243,1
1103,208,877,1
1104,153,1,1
1105,477,878,0
1106,381,880,0
1107,766,609,0
1108,767,881,0
1109,768,26,0
1110,473,167,0
1111,286,761,0
1112,488,151,0
1113,769,1,1
1114,172,331,1
1115,771,459,0
1116,504,102,0
1117,650,883,0
1118,60,33,0
1119,772,885,1
1120,72,511,0
1121,773,1,1
1122,357,332,0
1123,20,887,1
1124,775,191,1
1125,776,497,1
1126,454,191,1
1127,40,889,0
1128,162,890,0
1129,295,69,0
1130,777,286,0
1131,39,40,1
1132,585,554,0
1133,39,892,1
1134,18,151,1
1135,590,896,1
1136,20,897,1
1137,655,898,0
1138,781,8,1
1139,782,74,1
1140,39,899,1
1141,196,900,0
1142,783,108,0
1143,20,174,1
1144,785,215,0
1145,255,136,0
1146,133,116,0
1147,14,904,0
1148,134,185,0
1149,196,459,0
1150,587,656,1
1151,379,730,0
1152,508,388,1
1153,42,876,0
1154,31,15,1
1155,5,13,0
1156,211,904,0
1157,632,1,1
1158,789,907,1
1159,382,908,0
1160,62,2,1
1161,272,909,0
1162,790,910,0
1163,391,848,0
1164,791,911,0
1165,508,858,1
1166,98,632,0
1167,753,913,0
1168,490,560,1
1169,329,1,1
1170,679,1,1
1171,247,510,1
1172,796,656,0
1173,391,600,0
1174,39,159,1
1175,39,247,1
1176,797,916,0
1177,798,917,0
1178,39,129,1
1179,392,32,0
1180,214,918,0
1181,800,480,1
1182,39,852,1
1183,801,1,1
1184,802,920,1
1185,805,175,0
1186,806,15,1
1187,138,921,0
1188,42,922,0
1189,807,924,0
1190,808,925,0
1191,578,926,0
1192,20,927,1
1193,699,928,0
1194,379,929,0
1195,14,48,0
1196,67,598,1
1197,20,930,1
1198,702,931,0
1199,9,933,0
1200,812,274,0
1201,624,1,1
1202,66,101,0
1203,814,1,1
1204,459,183,1
1205,405,177,0
1206,604,566,0
1207,790,935,0
1208,1,1,1
1209,789,437,1
1210,20,83,1
1211,20,105,1
1212,120,1,1
1213,366,936,0
1214,196,226,0
1215,818,562,1
1216,708,938,0
1217,20,83,1
1218,162,940,0
1219,31,74,1
1220,282,459,0
1221,820,1,1
1222,105,218,1
1223,824,15,1
1224,124,942,0
1225,825,871,0
1226,471,85,1
1227,611,944,0
1228,20,945,1
1229,53,218,0
1230,20,227,1
1231,39,26,1
1232,830,617,0
1233,39,664,1
1234,833,1,1
1235,153,1,1
1236,31,316,1
1237,341,2,1
1238,834,1,1
1239,39,949,1
1240,260,236,0
1241,31,340,1
1242,400,407,0
1243,835,2,1
1244,31,278,1
1245,31,8,1
1246,281,242,0
1247,31,951,1
1248,836,175,0
1249,837,153,0
1250,838,274,0
1251,23,9,0
1252,138,64,0
1253,50,571,1
1254,753,953,0
1255,121,536,1
1256,20,191,1
1257,842,15,1
1258,102,385,0
1259,14,955,0
1260,422,956,0
1261,844,117,1
1262,837,186,0
1263,40,959,0
1264,20,960,1
1265,845,497,0
1266,71,55,0
1267,143,961,1
1268,305,963,0
1269,39,964,1
1270,379,965,0
1271,91,966,1
1272,671,967,0
1273,202,968,0
1274,39,153,1
1275,849,480,1
1276,59,969,0
1277,91,40,1
1278,228,151,1
1279,39,971,1
1280,39,972,1
1281,853,973,1
1282,855,975,0
1283,856,136,0
1284,857,342,1
1285,31,976,1
1286,39,977,1
1287,737,230,1
1288,488,349,0
1289,860,632,1
1290,861,43,0
1291,328,256,1
1292,706,978,0
1293,666,1,0
1294,20,126,1
1295,863,556,0
1296,864,980,0
1297,205,981,1
1298,420,982,0
1299,867,1,1
1300,868,983,0
1301,869,883,0
1302,300,984,0
1303,463,499,1
1304,836,985,0
1305,20,183,1
1306,295,986,0
1307,453,987,0
1308,67,185,1
1309,721,191,1
1310,873,990,0
1311,435,459,0
1312,251,1,1
1313,31,992,1
1314,366,488,0
1315,853,68,1
1316,39,119,1
1317,247,332,1
1318,20,183,1
1319,874,238,0
1320,875,440,1
1321,87,2,1
1322,244,197,0
1323,20,183,1
1324,667,994,0
1325,32,995,0
1326,31,996,1
1327,106,105,1
1328,424,2,1
1329,66,997,0
1330,877,998,0
1331,878,117,0
1332,121,817,1
1333,879,999,1
1334,880,309,0
1335,39,573,1
1336,882,1001,0
1337,883,480,1
1338,333,167,0
1339,39,71,1
1340,884,215,1
1341,185,1002,0
1342,39,724,1
1343,74,154,0
1344,290,909,0
1345,138,1003,0
1346,105,1004,1
1347,198,1005,0
1348,886,1007,0
1349,733,559,0
1350,361,213,0
1351,138,588,0
1352,676,1,1
1353,20,601,1
1354,398,503,1
1355,39,1009,1
1356,887,261,1
1357,7,1010,0
1358,214,681,1
1359,888,1,1
1360,890,1011,0
1361,314,1,1
1362,83,359,0
1363,891,117,1
1364,104,1013,0
1365,576,1014,0
1366,163,121,0
1367,47,635,0
1368,20,183,1
1369,237,1015,0
1370,39,1016,1
1371,719,116,0
1372,892,48,1
1373,86,822,0
1374,834,2,1
1375,225,1020,0
1376,31,1021,1
1377,869,322,0
1378,895,322,0
1379,569,28,0
1380,224,1024,0
1381,896,791,1
1382,508,1025,1
1383,897,578,1
1384,20,571,1
1385,471,266,1
1386,5,728,0
1387,617,412,1
1388,426,489,0
1389,252,409,0
1390,900,1,1
1391,39,572,1
1392,202,426,0
1393,902,121,0
1394,20,510,1
1395,86,228,0
1396,903,560,1
1397,138,944,0
1398,73,811,0
1399,746,256,0
1400,162,848,0
1401,361,659,0
1402,68,1028,0
1403,74,497,0
1404,819,1029,0
1405,15,327,1
1406,905,15,1
1407,391,359,0
1408,150,839,0
1409,907,1031,0
1410,585,1032,0
1411,651,107,0
1412,39,961,1
1413,458,93,0
1414,143,1033,1
1415,908,1034,0
1416,150,89,0
1417,372,181,0
1418,909,1,1
1419,749,191,1
1420,337,26,1
1421,309,1037,1
1422,488,62,0
1423,911,592,1
1424,587,1039,1
1425,68,181,0
1426,312,1040,0
1427,288,1,1
1428,50,178,1
1429,1,1,1
1430,288,1,1
1431,912,1,1
1432,913,70,0
1433,914,191,1
1434,47,1041,0
1435,252,871,0
1436,587,129,1
1437,39,1042,1
1438,915,278,0
1439,488,311,0
1440,375,999,0
1441,31,357,1
1442,388,1045,0
1443,46,157,0
1444,831,1046,0
1445,214,854,0
1446,39,239,1
1447,35,629,1
1448,20,977,1
1449,512,772,0
1450,919,498,0
1451,181,507,0
1452,847,1048,0
1453,39,48,1
1454,921,318,1
1455,123,2,1
1456,292,877,1
1457,922,283,1
1458,781,8,1
1459,361,1049,0
1460,353,710,0
1461,923,15,1
1462,5,1050,0
1463,74,742,0
1464,17,1051,1
1465,39,1052,1
1466,20,1053,1
1467,925,30,1
1468,822,507,0
1469,927,178,1
1470,928,1,1
1471,929,15,1
1472,224,1054,0
1473,60,1024,0
1474,930,338,1
1475,675,778,0
1476,560,1055,0
1477,144,1056,0
1478,232,1057,0
1479,39,1058,1
1480,154,692,0
1481,66,93,0
1482,60,543,0
1483,39,15,1
1484,20,569,1
1485,788,57,0
1486,745,1,1
1487,428,1060,0
1488,604,778,0
1489,109,1061,0
1490,462,503,1
1491,570,1062,0
1492,25,72,1
1493,656,1063,0
1494,155,30,0
1495,20,1064,1
1496,9,468,0
1497,737,230,1
1498,20,364,1
1499,91,316,1
1500,814,1,1
1501,20,966,1
1502,932,1065,0
1503,620,40,1
1504,23,144,0
1505,933,810,1
1506,934,576,0
1507,20,288,1
1508,20,30,1
1509,400,1066,0
1510,259,367,0
1511,935,286,0
1512,649,1067,0
1513,53,1068,0
1514,490,1069,0
1515,91,1070,1
1516,300,1071,0
1517,937,99,0
1518,379,205,0
1519,31,387,1
1520,939,508,0
1521,940,421,1
1522,941,1,1
1523,31,663,1
1524,942,904,1
1525,205,230,1
1526,202,1074,0
1527,590,6,1
1528,943,551,0
1529,437,1,1
1530,39,1075,1
1531,420,691,0
1532,20,1076,1
1533,830,1077,0
1534,388,1078,0
1535,944,48,1
1536,850,131,1
1537,20,1079,1
1538,945,1,1
1539,39,191,1
1540,223,1080,1
1541,5,1081,0
1542,536,182,1
1543,946,479,1
1544,163,215,0
1545,541,28,0
1546,20,135,1
1547,202,811,0
1548,843,489,0
1549,947,407,0
1550,855,1084,0
1551,39,1085,1
1552,50,40,1
1553,20,1086,1
1554,31,664,1
1555,949,117,1
1556,950,1,1
1557,500,515,0
1558,533,191,1
1559,20,331,1
1560,134,1014,0
1561,323,1,1
1562,850,131,1
1563,951,1091,0
1564,952,548,1
1565,252,1093,0
1566,954,318,0
1567,955,1,1
1568,39,1094,1
1569,198,360,0
1570,39,151,1
1571,247,667,1
1572,433,362,0
1573,956,15,1
1574,20,570,1
1575,512,576,0
1576,801,1,1
1577,732,1095,0
1578,959,794,0
1579,960,569,0
1580,134,1097,0
1581,20,1098,1
1582,961,1,1
1583,210,678,0
1584,559,271,0
1585,655,791,0
1586,9,1099,0
1587,20,1100,1
1588,963,178,1
1589,68,942,0
1590,300,593,0
1591,20,331,1
1592,471,167,0
1593,551,30,1
1594,13,942,0
1595,964,1,1
1596,807,1102,0
1597,5,205,0
1598,20,1103,1
1599,120,1,1
1600,966,1104,1
1601,112,23,0
1602,150,1105,0
1603,39,88,1
1604,39,656,1
1605,215,586,0
1606,969,2,1
1607,790,1107,0
1608,401,1024,0
1609,74,45,0
1610,855,1108,0
1611,19,1109,0
1612,17,1110,1
1613,799,30,1
1614,971,60,0
1615,20,1111,1
1616,355,151,1
1617,972,1020,1
1618,31,1112,1
1619,973,15,1
1620,20,1113,1
1621,974,203,0
1622,214,1114,0
1623,5,56,0
1624,417,1115,0
1625,231,1,1
1626,270,327,1
1627,20,718,1
1628,31,1117,1
1629,187,1118,1
1630,20,1119,1
1631,739,1120,0
1632,976,1,1
1633,150,1121,0
1634,305,1123,0
1635,70,229,0
1636,360,1124,0
1637,977,837,0
1638,361,290,0
1639,979,5,0
1640,86,584,0
1641,31,15,1
1642,21,722,0
1643,294,1126,0
1644,121,517,1
1645,290,447,0
1646,981,1,1
1647,982,191,1
1648,983,1127,1
1649,985,1,1
1650,903,519,1
1651,243,607,0
1652,933,30,1
1653,28,1129,0
1654,300,916,0
1655,987,2,1
1656,988,592,1
1657,431,1130,0
1658,989,48,1
1659,990,338,1
1660,991,848,0
1661,208,1080,1
1662,247,191,1
1663,660,1099,0
1664,213,2,1
1665,60,1028,0
1666,121,1131,1
1667,42,683,0
1668,60,1132,0
1669,992,1,1
1670,512,1009,0
1671,23,1133,0
1672,31,552,1
1673,479,1135,0
1674,995,1137,0
1675,996,966,1
1676,39,1040,1
1677,138,1138,0
1678,591,1139,0
1679,20,1140,1
1680,302,646,0
1681,914,191,1
1682,121,852,1
1683,811,28,0
1684,739,1141,0
1685,431,1142,0
1686,998,15,1
1687,999,404,0
1688,452,1,1
1689,1000,1,1
1690,604,385,0
1691,1002,117,1
1692,599,454,0
1693,39,1145,1
1694,20,243,1
1695,17,664,1
1696,405,629,0
1697,722,1,1
1698,521,1127,1
1699,231,1,1
1700,20,462,1
1701,1004,1147,0
1702,39,1148,1
1703,56,167,0
1704,39,191,1
1705,724,928,0
1706,20,772,1
1707,202,247,0
1708,157,99,0
1709,98,1150,0
1710,20,443,1
1711,190,1151,0
1712,81,994,0
1713,31,40,1
1714,438,1,1
1715,447,1152,0
1716,365,1153,1
1717,877,200,0
1718,1008,1155,1
1719,725,1,1
1720,39,1156,1
1721,91,1158,1
1722,379,1159,0
1723,750,69,0
1724,60,315,0
1725,17,16,1
1726,294,600,0
1727,1009,686,1
1728,1011,548,1
1729,361,228,0
1730,679,1,1
1731,94,1127,1
1732,82,524,0
1733,163,1162,0
1734,31,331,1
1735,687,452,0
1736,1012,57,0
1737,341,1,1
1738,59,828,0
1739,391,1163,0
1740,763,99,0
1741,799,30,1
1742,1013,1,1
1743,39,26,1
1744,31,904,1
1745,1001,1164,0
1746,863,940,0
1747,1014,440,1
1748,417,1166,0
1749,194,167,0
1750,1015,117,1
1751,39,1167,1
1752,121,960,1
1753,914,191,1
1754,1016,1168,0
1755,950,1,1
1756,1017,1169,0
1757,15,129,1
1758,984,1170,0
1759,39,413,1
1760,237,710,0
1761,277,739,0
1762,162,682,0
1763,1018,1,1
1764,599,387,0
1765,1019,338,1
1766,1020,1172,0
1767,744,818,0
1768,256,230,1
1769,1021,144,1
1770,402,1,1
1771,337,26,1
1772,70,560,0
1773,357,229,0
1774,488,271,0
1775,198,1174,0
1776,226,72,1
1777,402,283,1
1778,17,697,1
1779,438,1,1
1780,252,1175,0
1781,60,1176,0
1782,39,1177,1
1783,42,1178,0
1784,159,871,0
1785,471,131,1
1786,42,1003,0
1787,835,2,1
1788,46,1179,0
1789,254,333,1
1790,20,487,1
1791,1024,621,0
1792,845,1180,0
1793,572,218,0
1794,1025,1,1
1795,31,1167,1
1796,357,640,0
1797,255,1182,0
1798,488,772,0
1799,1027,772,0
1800,797,1124,0
1801,300,1183,0
1802,14,1184,0
1803,211,316,0
1804,15,1021,1
1805,753,1179,0
1806,15,178,1
1807,705,2,1
1808,428,57,0
1809,1001,28,0
1810,420,1185,0
1811,31,131,1
1812,1031,1139,0
1813,225,942,0
1814,39,1111,1
1815,32,1186,0
1816,1032,611,1
1817,155,1024,0
1818,420,717,0
1819,259,474,1
1820,18,1188,1
1821,20,183,1
1822,20,426,1
1823,1033,669,1
1824,1013,1,1
1825,262,99,0
1826,675,507,0
1827,275,758,0
1828,1035,387,1
1829,20,1189,1
1830,228,663,1
1831,208,764,1
1832,881,199,0
1833,382,1190,0
1834,59,657,0
1835,561,1191,0
1836,603,672,1
1837,23,861,0
1838,31,1192,1
1839,1037,643,0
1840,163,379,0
1841,247,191,1
1842,157,1193,0
1843,750,460,0
1844,728,811,0
1845,155,1194,0
1846,987,2,1
1847,745,1,1
1848,512,409,0
1849,1039,1139,0
1850,1040,748,0
1851,587,487,1
1852,124,1193,0
1853,1042,489,0
1854,528,327,1
1855,1043,130,1
1856,18,151,1
1857,105,1196,1
1858,15,83,1
1859,1006,167,0
1860,1044,145,0
1861,1045,1197,0
1862,1046,191,1
1863,91,40,1
1864,176,1152,0
1865,1006,175,0
1866,775,191,1
1867,33,1,1
1868,1047,1198,0
1869,333,367,0
1870,1049,1,1
1871,183,1199,0
1872,271,1,1
1873,724,233,0
1874,360,986,0
1875,39,896,1
1876,379,1200,0
1877,462,119,1
1878,1050,1201,1
1879,567,601,1
1880,183,665,0
1881,172,234,1
1882,74,1203,0
1883,1051,1042,0
1884,39,1204,1
1885,142,603,0
1886,17,438,1
1887,1052,569,1
1888,357,823,0
1889,1053,1206,0
1890,1054,136,0
1891,208,200,1
1892,1055,230,1
1893,60,813,0
1894,1056,967,0
1895,228,15,1
1896,91,398,1
1897,1059,130,1
1898,611,73,0
1899,201,1210,0
1900,39,1211,1
1901,202,908,0
1902,26,72,1
1903,353,1212,0
1904,39,316,1
1905,20,183,1
1906,863,353,0
1907,1060,524,0
1908,1039,1,1
1909,1013,1,1
1910,125,65,0
1911,39,331,1
1912,183,271,0
1913,421,440,1
1914,1061,271,0
1915,1064,474,1
1916,213,15,1
1917,409,1219,1
1918,1068,1,1
1919,237,925,0
1920,494,603,0
1921,202,437,0
1922,379,772,0
1923,1069,28,0
1924,14,911,0
1925,391,751,0
1926,31,144,1
1927,982,191,1
1928,20,648,1
1929,1072,1,1
1930,821,385,0
1931,247,85,1
1932,391,532,0
1933,1006,682,0
1934,1074,1222,0
1935,105,105,1
1936,338,770,0
1937,20,83,1
1938,426,1131,0
1939,408,892,0
1940,39,183,1
1941,987,1,1
1942,91,404,1
1943,23,1223,0
1944,20,222,1
1945,1075,474,1
1946,1076,728,0
1947,113,1224,1
1948,1077,117,1
1949,86,1225,0
1950,216,825,0
1951,1047,170,0
1952,208,232,1
1953,262,250,0
1954,1079,1226,0
1955,157,1227,0
1956,23,1228,0
1957,31,1100,1
1958,1080,1229,0
1959,277,106,0
1960,412,250,0
1961,1058,1230,0
1962,415,1231,0
1963,388,441,0
1964,31,1232,1
1965,395,1233,0
1966,162,1014,0
1967,211,1234,0
1968,192,282,0
1969,1082,1236,0
1970,496,1225,0
1971,254,284,1
1972,945,1,1
1973,221,208,0
1974,214,1237,0
1975,74,1238,0
1976,20,706,1
1977,105,510,1
1978,231,1,1
1979,531,953,0
1980,31,68,1
1981,1083,1,1
1982,587,215,1
1983,1085,93,0
1984,588,295,0
1985,15,183,1
1986,211,324,0
1987,1086,223,0
1988,163,554,0
1989,125,1237,0
1990,576,194,0
1991,297,8,1
1992,324,710,0
1993,277,11,0
1994,469,1242,0
1995,39,324,1
1996,157,250,0
1997,1089,48,1
1998,587,1039,1
1999,70,854,0
2000,39,1243,1
2001,132,285,0
2002,31,1244,1
2003,196,1245,0
2004,23,1094,0
2005,183,309,0
2006,20,760,1
2007,518,1,1
2008,39,32,1
2009,628,739,0
2010,435,1247,0
2011,162,917,0
2012,31,1248,1
2013,39,342,1
2014,950,1,1
2015,20,1249,1
2016,202,1250,0
2017,604,200,0
2018,706,1251,0
2019,143,287,1
2020,247,85,1
2021,39,183,1
2022,39,1252,1
2023,36,367,0
2024,1091,853,0
2025,379,1048,0
2026,880,881,0
2027,1092,191,1
2028,399,327,1
2029,247,1254,1
2030,20,344,1
2031,138,1255,0
2032,502,1256,1
2033,314,1,1
2034,39,286,1
2035,39,26,1
2036,276,1,1
2037,1094,572,0
2038,357,1257,0
2039,121,1258,1
2040,786,293,0
2041,1095,398,1
2042,562,349,0
2043,1096,858,1
2044,221,542,0
2045,1097,474,1
2046,712,1,1
2047,134,1056,0
2048,597,72,1
2049,603,341,1
2050,39,480,1
2051,15,1259,1
2052,121,527,1
2053,252,854,0
2054,223,1261,1
2055,572,293,0
2056,0,367,0
2057,1099,119,1
2058,68,50,0
2059,88,1211,1
2060,262,32,0
2061,185,295,0
2062,1100,117,1
2063,138,277,0
2064,1101,170,1
2065,1102,1,1
2066,632,1,1
2067,288,1,1
2068,452,1,1
2069,211,5,0
2070,91,40,1
2071,20,601,1
2072,83,250,0
2073,785,847,0
2074,20,1170,1
2075,270,838,1
2076,39,1266,1
2077,1104,578,1
2078,508,388,1
2079,473,367,0
2080,254,415,1
2081,1105,657,0
2082,39,15,1
2083,181,266,0
2084,86,1054,0
2085,67,185,1
2086,1022,511,0
2087,134,829,0
2088,570,547,0
2089,1106,1268,0
2090,1107,478,0
2091,125,295,0
2092,31,301,1
2093,199,2,1
2094,74,933,0
2095,13,205,0
2096,600,551,0
2097,287,1,1
2098,39,119,1
2099,234,655,0
2100,1108,696,0
2101,901,459,0
2102,67,8,1
2103,1109,480,1
2104,1110,342,1
2105,1111,1057,0
2106,855,1271,0
2107,780,1201,0
2108,131,8,1
2109,181,576,0
2110,20,1273,1
2111,1112,15,1
2112,39,191,1
2113,344,1152,0
2114,466,1275,0
2115,13,331,0
2116,114,194,0
2117,67,598,1
2118,75,1095,0
2119,568,713,0
2120,1029,1277,0
2121,39,1278,1
2122,7,1279,0
2123,39,1104,1
2124,208,178,1
2125,73,1280,0
2126,827,134,0
2127,1113,48,1
2128,149,293,0
2129,785,383,0
2130,515,531,0
2131,401,1281,0
2132,406,339,0
2133,361,1130,0
2134,1114,265,0
2135,916,73,0
2136,1116,117,1
2137,269,1,1
2138,1050,129,1
2139,509,1282,0
2140,31,733,1
2141,20,1283,1
2142,17,571,1
2143,391,411,0
2144,1117,342,1
2145,81,1130,0
2146,788,1183,0
2147,776,332,1
2148,943,1284,0
2149,651,1285,0
2150,388,28,0
2151,53,1179,0
2152,1118,1286,0
2153,72,1250,0
2154,39,1287,1
2155,785,1288,0
2156,20,105,1
2157,254,236,1
2158,1120,1194,0
2159,269,1,1
2160,104,1289,0
2161,445,751,0
2162,814,1,1
2163,1122,1290,0
2164,179,532,0
2165,20,1292,1
2166,106,1293,1
2167,25,234,1
2168,1123,74,1
2169,20,706,1
2170,1124,918,0
2171,20,85,1
2172,252,348,0
2173,86,1130,0
2174,480,1296,0
2175,68,286,0
2176,39,732,1
2177,1125,640,0
2178,1127,49,0
2179,31,430,1
2180,270,296,1
2181,20,1297,1
2182,587,129,1
2183,176,828,0
2184,20,611,1
2185,134,1298,0
2186,607,909,0
2187,39,1299,1
2188,32,1300,0
2189,168,1301,0
2190,31,1278,1
2191,1129,1,1
2192,60,1303,0
2193,1129,1,1
2194,98,322,0
2195,270,426,1
2196,39,218,1
2197,871,1305,0
2198,39,1306,1
2199,471,215,1
2200,12,367,0
2201,99,1198,0
2202,138,1307,0
2203,272,242,0
2204,31,772,1
2205,1134,569,0
2206,20,617,1
2207,1135,1,1
2208,50,170,1
2209,1054,1310,0
2210,195,191,1
2211,1136,2,1
2212,159,101,0
2213,1137,338,1
2214,708,515,0
2215,1138,498,0
2216,20,83,1
2217,31,183,1
2218,1139,117,1
2219,586,942,0
2220,508,151,1
2221,215,1198,0
2222,1140,48,1
2223,1141,85,1
2224,213,1313,0
2225,428,344,0
2226,490,233,0
2227,706,1314,0
2228,1118,1315,0
2229,39,26,1
2230,31,1316,1
2231,109,1317,0
2232,208,72,1
2233,31,1230,1
2234,473,1041,0
2235,202,1152,0
2236,1143,182,0
2237,1145,892,0
2238,395,1319,0
2239,402,1,1
2240,493,1320,0
2241,271,1,1
2242,717,942,0
2243,20,374,1
2244,31,1321,1
2245,179,28,0
2246,585,81,0
2247,494,1104,0
2248,824,15,1
2249,1148,971,1
2250,357,1322,0
2251,18,151,1
2252,78,1,1
2253,1150,411,0
2254,1151,495,0
2255,39,664,1
2256,829,421,0
2257,31,15,1
2258,788,1323,0
2259,251,1,1
2260,214,229,0
2261,1152,49,0
2262,518,1,1
2263,437,1,1
2264,1074,713,0
2265,1154,15,1
2266,1155,798,0
2267,301,167,0
2268,391,121,0
2269,20,119,1
2270,13,1324,0
2271,1027,910,0
2272,1088,818,0
2273,819,1126,0
2274,1156,191,1
2275,409,1219,1
2276,420,295,0
2277,310,1325,0
2278,1157,2,1
2279,53,873,0
2280,412,999,0
2281,1158,174,1
2282,31,1326,1
2283,943,777,0
2284,388,1327,0
2285,1159,117,1
2286,39,1117,1
2287,472,1328,0
2288,883,480,1
2289,361,847,0
2290,39,949,1
2291,9,811,0
2292,196,1329,0
2293,560,964,0
2294,1160,521,0
2295,645,152,1
2296,20,1163,1
2297,488,883,0
2298,1161,1333,0
2299,1162,48,1
2300,312,751,0
2301,388,569,0
2302,590,108,1
2303,1163,881,0
2304,20,183,1
2305,469,1335,0
2306,189,191,1
2307,760,303,0
2308,121,71,1
2309,26,72,1
2310,1164,1336,0
2311,530,764,1
2312,138,1337,0
2313,1165,148,0
2314,1166,521,0
2315,1167,519,1
2316,1168,1338,0
2317,527,232,1
2318,31,288,1
2319,544,590,0
2320,211,1020,0
2321,202,1339,0
2322,814,1,1
2323,121,1020,1
2324,458,1040,0
2325,144,1340,0
2326,20,183,1
2327,732,1341,0
2328,291,869,0
2329,208,803,1
2330,381,228,0
2331,224,639,0
2332,365,30,1
2333,836,167,0
2334,1,1,1
2335,39,1298,1
2336,1074,1342,0
2337,31,1343,1
2338,185,1152,0
2339,659,1,1
2340,20,697,1
2341,1169,617,1
2342,39,904,1
2343,18,287,1
2344,31,426,1
2345,225,904,0
2346,471,606,1
2347,14,758,0
2348,869,655,0
2349,445,1345,0
2350,360,1346,0
2351,1170,474,1
2352,39,667,1
2353,73,1104,0
2354,198,1347,0
2355,555,1141,0
2356,20,642,1
2357,520,1348,0
2358,188,801,0
2359,20,1349,1
2360,385,1296,0
2361,473,1351,0
2362,20,288,1
2363,1171,1352,0
2364,56,99,0
2365,1173,1110,0
2366,1174,1354,0
2367,978,1355,0
2368,20,1004,1
2369,1175,1,1
2370,950,1,1
2371,20,1356,1
2372,145,1357,0
2373,706,1358,0
2374,1176,316,1
2375,693,348,0
2376,362,1,1
2377,880,281,0
2378,658,592,1
2379,939,1359,0
2380,1177,283,1
2381,121,817,1
2382,190,1360,0
2383,162,437,0
2384,1178,1,1
2385,255,1242,0
2386,1085,673,0
2387,370,1,1
2388,27,26,1
2389,224,816,0
2390,819,285,0
2391,1179,1290,1
2392,39,437,1
2393,14,430,0
2394,121,229,1
2395,20,83,1
2396,1180,1058,0
2397,379,1210,0
2398,366,8,0
2399,351,374,1
2400,1083,1,1
2401,425,283,1
2402,46,309,0
2403,18,438,1
2404,138,849,0
2405,39,1040,1
2406,31,1364,1
2407,797,373,0
2408,1182,649,0
2409,382,561,0
2410,180,556,0
2411,1183,8,1
2412,121,1365,1
2413,626,785,0
2414,20,1366,1
2415,1184,513,0
2416,1185,735,0
2417,877,835,0
2418,15,76,1
2419,259,474,1
2420,53,1367,0
2421,20,1359,1
2422,272,372,0
2423,39,1337,1
2424,334,1368,0
2425,1143,101,0
2426,1187,197,0
2427,232,794,0
2428,27,669,1
2429,745,1,1
2430,31,1369,1
2431,1188,474,1
2432,20,1298,1
2433,1189,1156,0
2434,154,278,0
2435,10,10,1
2436,235,8,1
2437,202,1372,0
2438,1190,15,1
2439,314,1,1
2440,31,480,1
2441,573,1,1
2442,941,1,1
2443,364,8,1
2444,300,97,0
2445,104,1374,0
2446,144,520,0
2447,276,1,1
2448,31,229,1
2449,14,1375,0
2450,62,1,1
2451,93,569,0
2452,447,1056,0
2453,68,1210,0
2454,107,643,0
2455,632,1,1
2456,412,107,0
2457,816,200,1
2458,789,663,1
2459,286,135,0
2460,329,1,1
2461,508,1376,1
2462,1192,1,1
2463,105,569,1
2464,20,1298,1
2465,38,515,0
2466,9,742,0
2467,42,482,0
2468,1012,818,0
2469,86,917,0
2470,15,26,1
2471,333,271,0
2472,102,135,0
2473,88,1378,1
2474,39,706,1
2475,1193,1152,0
2476,23,1379,0
2477,390,395,0
2478,1194,1380,0
2479,395,295,0
2480,123,2,1
2481,105,617,1
2482,1195,342,1
2483,508,1242,1
2484,124,430,0
2485,20,1383,1
2486,379,69,0
2487,1196,303,0
2488,379,1142,0
2489,1197,482,0
2490,426,468,0
2491,15,920,1
2492,160,1384,0
2493,78,15,1
2494,1199,1386,1
2495,1200,592,1
2496,1201,71,1
2497,74,961,0
2498,181,1388,0
2499,1186,309,1
2500,31,1389,1
2501,231,1,1
2502,183,1390,0
2503,1202,437,1
2504,237,514,0
2505,950,1,1
2506,31,110,1
2507,382,816,0
2508,20,1127,1
2509,302,883,0
2510,395,1053,0
2511,1203,413,1
2512,1001,347,0
2513,1204,256,0
2514,479,710,0
2515,405,271,0
2516,1205,1391,1
2517,894,497,1
2518,228,713,1
2519,183,88,1
2520,163,1393,0
2521,138,362,0
2522,1206,961,1
2523,1064,474,1
2524,207,228,0
2525,1208,1395,1
2526,33,1,1
2527,108,87,0
2528,20,1396,1
2529,679,1,1
2530,1209,1397,0
2531,1210,151,1
2532,1,1,1
2533,18,327,1
2534,728,1199,0
2535,213,15,1
2536,163,1290,0
2537,1211,1,1
2538,270,426,1
2539,1212,71,1
2540,53,1399,0
2541,182,1063,0
2542,1189,467,0
2543,405,121,0
2544,237,215,0
2545,1214,810,1
2546,223,764,1
2547,1215,656,1
2548,86,1045,0
2549,94,1401,1
2550,689,1,1
2551,190,730,0
2552,134,826,0
2553,31,411,1
2554,1216,710,0
2555,155,1347,0
2556,214,885,0
2557,470,72,1
2558,1217,296,1
2559,365,30,1
2560,300,898,0
2561,100,1,1
2562,366,823,0
2563,1055,170,1
2564,1219,779,0
2565,1001,868,0
2566,1222,167,0
2567,700,30,1
2568,20,1258,1
2569,871,1231,0
2570,208,72,1
2571,465,804,1
2572,185,1053,0
2573,134,682,0
2574,286,515,0
2575,20,629,1
2576,39,1403,1
2577,600,745,0
2578,19,1404,0
2579,56,1405,0
2580,1224,1212,0
2581,101,64,0
2582,183,537,0
2583,145,265,0
2584,125,1152,0
2585,895,311,0
2586,1226,186,0
2587,105,183,1
2588,39,106,1
2589,458,1256,0
2590,1227,1,1
2591,407,85,1
2592,31,1372,1
2593,1228,71,1
2594,86,1384,0
2595,392,167,0
2596,205,571,1
2597,34,238,0
2598,86,955,0
2599,1230,283,1
2600,315,816,0
2601,1231,840,0
2602,237,11,0
2603,388,1407,0
2604,350,130,0
2605,603,195,1
2606,310,1408,0
2607,36,167,0
2608,420,1053,0
2609,594,232,1
2610,679,1,1
2611,780,271,0
2612,271,1,1
2613,448,1404,0
2614,155,386,0
2615,20,1174,1
2616,334,97,0
2617,797,719,0
2618,91,191,1
2619,1232,495,0
2620,1233,686,0
2621,162,226,0
2622,86,1389,0
2623,742,242,0
2624,315,353,0
2625,1234,182,0
2626,587,215,1
2627,20,648,1
2628,1235,707,0
2629,450,15,1
2630,1054,200,0
2631,950,1,1
2632,137,2,1
2633,196,1413,0
2634,659,1,1
2635,1238,1,1
2636,47,1225,0
2637,192,1414,0
2638,254,1415,1
2639,20,1417,1
2640,808,2,0
2641,313,1,1
2642,286,7,0
2643,814,1,1
2644,744,556,0
2645,18,364,1
2646,23,872,0
2647,31,331,1
2648,5,1139,0
2649,1242,71,1
2650,91,85,1
2651,217,287,0
2652,226,178,1
2653,1244,1419,1
2654,431,152,0
2655,221,540,0
2656,1013,2,1
2657,31,164,1
2658,1085,385,0
2659,39,642,1
2660,270,838,1
2661,78,1,1
2662,1246,1421,0
2663,120,1,1
2664,1247,48,1
2665,20,1422,1
2666,766,611,0
2667,74,1336,0
2668,20,411,1
2669,178,1425,0
2670,421,990,1
2671,20,1426,1
2672,31,1117,1
2673,138,1427,0
2674,1249,261,1
2675,101,1247,0
2676,512,151,0
2677,712,1,1
2678,1022,1429,0
2679,23,1430,0
2680,651,282,0
2681,385,54,0
2682,320,442,0
2683,39,4,1
2684,1000,1,1
2685,1252,1,1
2686,312,1431,0
2687,428,1342,0
2688,1013,1,1
2689,39,247,1
2690,491,43,1
2691,391,1432,0
2692,336,1,1
2693,1254,736,0
2694,950,1,1
2695,1098,242,0
2696,39,256,1
2697,86,29,0
2698,372,197,0
2699,39,287,1
2700,143,15,1
2701,15,346,1
2702,409,1219,1
2703,31,1076,1
2704,214,242,0
2705,155,1435,0
2706,1257,71,1
2707,1074,459,0
2708,1258,1299,1
2709,1259,183,1
2710,70,825,0
2711,1260,15,1
2712,23,626,0
2713,260,140,0
2714,329,2,1
2715,895,93,0
2716,153,1,1
2717,39,130,1
2718,67,185,1
2719,31,1436,1
2720,438,1,1
2721,1200,338,1
2722,603,195,1
2723,20,183,1
2724,366,1437,0
2725,138,159,0
2726,23,858,0
2727,91,71,1
2728,808,870,0
2729,177,180,1
2730,1266,1438,0
2731,375,1439,0
2732,439,727,1
2733,1267,117,1
2734,338,452,0
2735,162,1440,0
2736,39,30,1
2737,869,218,0
2738,47,1062,0
2739,254,1443,1
2740,334,1444,0
2741,471,722,1
2742,46,566,0
2743,1269,522,1
2744,1013,1,1
2745,569,362,0
2746,1270,167,0
2747,178,1,1
2748,39,1445,1
2749,179,1446,0
2750,254,1447,1
2751,993,5,0
2752,46,119,0
2753,208,1261,1
2754,573,1,1
2755,1065,460,0
2756,105,611,1
2757,317,1237,0
2758,518,1,1
2759,1273,1356,1
2760,31,1093,1
2761,693,686,0
2762,1274,676,1
2763,1275,546,1
2764,23,1450,0
2765,357,349,0
2766,1276,1451,0
2767,471,441,1
2768,1277,558,0
2769,34,1452,0
2770,1172,155,0
2771,256,178,1
2772,221,1290,0
2773,1278,1453,0
2774,1279,208,0
2775,31,1454,1
2776,57,1455,0
2777,1280,371,1
2778,176,20,0
2779,31,1158,1
2780,473,635,0
2781,315,532,0
2782,863,890,0
2783,221,11,0
2784,20,1456,1
2785,39,331,1
2786,269,1,1
2787,1281,4,1
2788,155,1458,0
2789,20,764,1
2790,452,1,1
2791,163,243,0
2792,292,927,1
2793,254,839,1
2794,667,1130,0
2795,18,371,1
2796,350,909,0
2797,9,554,0
2798,462,739,1
2799,600,938,0
2800,1283,1062,0
2801,247,724,1
2802,570,1041,0
2803,300,503,0
2804,719,1223,0
2805,113,1224,1
2806,39,1461,1
2807,519,1,1
2808,20,706,1
2809,224,608,0
2810,1038,872,0
2811,599,295,0
2812,327,1,1
2813,39,732,1
2814,431,1464,0
2815,1287,8,1
2816,1288,15,1
2817,1289,71,1
2818,746,1280,0
2819,17,733,1
2820,272,1126,0
2821,967,1466,0
2822,801,2,1
2823,1290,15,1
2824,1099,503,1
2825,405,458,0
2826,98,836,0
2827,228,236,1
2828,163,9,0
2829,431,931,0
2830,121,71,1
2831,932,439,0
2832,379,1468,0
2833,1292,331,0
2834,1293,8,1
2835,1294,338,1
2836,366,1469,0
2837,300,1444,0
2838,68,1470,0
2839,420,65,0
2840,789,1472,1
2841,290,429,0
2842,105,218,1
2843,23,717,0
2844,1297,48,1
2845,20,1113,1
2846,331,918,0
2847,23,710,0
2848,360,1403,0
2849,60,935,0
2850,600,515,0
2851,73,454,0
2852,381,1040,0
2853,66,621,0
2854,181,1141,0
2855,584,896,0
2856,39,1225,1
2857,667,525,0
2858,31,779,1
2859,179,358,0
2860,42,274,0
2861,294,9,0
2862,185,1178,0
2863,39,362,1
2864,1298,191,1
2865,20,977,1
2866,595,1,1
2867,53,900,0
2868,20,281,1
2869,1299,1403,0
2870,281,1130,0
2871,735,604,0
2872,42,1478,0
2873,566,885,1
2874,895,520,0
2875,179,880,0
2876,66,592,0
2877,20,506,1
2878,31,1480,1
2879,964,1,1
2880,315,1439,0
2881,20,215,1
2882,179,1010,0
2883,1232,1229,0
2884,15,26,1
2885,86,799,0
2886,785,32,0
2887,693,1482,0
2888,1302,1483,0
2889,1027,148,0
2890,1303,1,1
2891,815,1485,0
2892,1306,74,1
2893,1307,503,0
2894,943,745,0
2895,70,1336,0
2896,196,1486,0
2897,300,994,0
2898,120,1,1
2899,1252,1,1
2900,39,324,1
2901,217,385,0
2902,332,15,1
2903,409,88,1
2904,739,427,0
2905,144,772,0
2906,341,2,1
2907,314,1,1
2908,398,388,1
2909,120,283,1
2910,676,1,1
2911,508,189,1
2912,270,131,1
2913,834,1,1
2914,31,760,1
2915,1308,117,1
2916,60,907,0
2917,1309,1,1
2918,743,1490,1
2919,66,547,0
2920,1313,136,0
2921,91,1491,1
2922,121,1492,1
2923,101,60,0
2924,23,373,0
2925,39,1493,1
2926,1314,408,0
2927,1316,1009,1
2928,1318,646,0
2929,39,269,1
2930,1003,1495,0
2931,1320,26,0
2932,1321,178,1
2933,132,803,0
2934,153,1,1
2935,198,324,0
2936,360,801,0
2937,67,151,1
2938,5,1415,0
2939,31,1306,1
2940,279,1056,0
2941,1222,520,0
2942,277,1421,0
2943,360,81,0
2944,20,1497,1
2945,511,70,0
2946,134,1498,0
2947,134,1499,0
2948,659,1,1
2949,42,108,0
2950,31,482,1
2951,561,655,0
2952,91,135,1
2953,1048,271,0
2954,39,1500,1
2955,39,76,1
2956,884,215,1
2957,618,1203,0
2958,138,1211,0
2959,337,26,1
2960,925,30,1
2961,1325,101,0
2962,13,1210,0
2963,519,1,1
2964,23,1501,0
2965,20,601,1
2966,113,1502,1
2967,395,1503,0
2968,33,1,1
2969,586,50,0
2970,1327,1,1
2971,788,828,0
2972,804,295,0
2973,385,197,0
2974,395,332,0
2975,31,1505,1
2976,20,406,1
2977,1329,1506,0
2978,23,756,0
2979,177,1508,1
2980,1330,1102,1
2981,31,1509,1
2982,402,1,1
2983,39,669,1
2984,133,1490,0
2985,224,1055,0
2986,163,1421,0
2987,71,413,0
2988,39,1510,1
2989,1092,191,1
2990,27,26,1
2991,492,191,1
2992,413,194,0
2993,9,980,0
2994,177,180,1
2995,202,355,0
2996,382,846,0
2997,194,175,0
2998,370,1,1
2999,17,611,1
3000,225,228,0
3001,363,1,1
3002,20,527,1
3003,1335,657,0
3004,1336,1512,1
3005,789,1301,1
3006,163,1513,0
3007,1337,8,1
3008,445,540,0
3009,1338,1396,1
3010,20,706,1
3011,39,178,1
3012,1339,286,0
3013,1340,48,1
3014,252,1514,0
3015,415,265,0
3016,20,191,1
3017,508,1516,1
3018,231,1,1
3019,788,1258,0
3020,133,758,0
3021,211,1049,0
3022,138,410,0
3023,690,152,1
3024,91,40,1
3025,679,1,1
3026,880,1517,0
3027,157,397,0
3028,18,131,1
3029,595,2,1
3030,59,331,0
3031,117,1518,0
3032,138,1519,0
3033,1343,15,1
3034,1344,1521,0
3035,205,72,1
3036,254,1156,1
3037,650,236,1
3038,1346,380,1
3039,130,15,1
3040,53,756,0
3041,1058,1372,0
3042,370,283,1
3043,270,131,1
3044,1137,592,1
3045,479,152,0
3046,1348,1524,1
3047,969,2,1
3048,163,605,0
3049,597,1080,1
3050,39,560,1
3051,138,1525,0
3052,31,960,1
3053,31,1242,1
3054,1350,236,1
3055,745,1,1
3056,485,1032,0
3057,1145,646,0
3058,393,727,1
3059,183,135,0
3060,120,2,1
3061,261,246,0
3062,82,1527,0
3063,161,15,1
3064,462,388,1
3065,213,2,1
3066,5,457,0
3067,290,1528,0
3068,237,1384,0
3069,252,1529,0
3070,256,1080,1
3071,117,1530,0
3072,31,1531,1
3073,1352,920,1
3074,66,1532,0
3075,286,551,0
3076,176,173,0
3077,62,1,1
3078,331,106,0
3079,412,1533,0
3080,1353,2,1
3081,1354,15,1
3082,193,1127,1
3083,359,8,1
3084,23,682,0
3085,437,1,1
3086,811,852,0
3087,68,64,0
3088,171,80,0
3089,780,631,0
3090,1199,182,1
3091,20,519,1
3092,39,1534,1
3093,459,183,1
3094,20,1535,1
3095,20,1536,1
3096,314,1,1
3097,1357,588,1
3098,134,1537,0
3099,1359,30,1
3100,221,1538,0
3101,294,1539,0
3102,819,1540,0
3103,1360,374,1
3104,247,85,1
3105,435,218,0
3106,1223,534,0
3107,821,491,0
3108,1252,1,1
3109,1361,1543,0
3110,294,1544,0
3111,247,159,1
3112,138,250,0
3113,176,1545,0
3114,39,1158,1
3115,1363,990,0
3116,1364,74,1
3117,1365,592,1
3118,60,608,0
3119,1366,1,1
3120,20,1039,1
3121,53,1547,0
3122,531,521,0
3123,1367,853,0
3124,399,656,1
3125,39,578,1
3126,895,1247,0
3127,879,529,1
3128,1368,170,1
3129,587,562,1
3130,626,1548,0
3131,121,105,1
3132,447,86,0
3133,1244,1127,1
3134,277,525,0
3135,1369,1049,0
3136,1370,15,1
3137,20,1432,1
3138,1371,1048,0
3139,39,288,1
3140,179,659,0
3141,66,590,0
3142,1006,208,0
3143,20,1551,1
3144,39,30,1
3145,39,1552,1
3146,395,65,0
3147,395,1554,0
3148,845,1050,0
3149,153,1,1
3150,1375,803,1
3151,305,1555,0
3152,1376,48,1
3153,75,23,0
3154,39,1359,1
3155,81,751,0
3156,1013,1,1
3157,1377,339,0
3158,286,363,0
3159,1378,1,1
3160,1379,338,1
3161,256,877,1
3162,633,404,0
3163,17,117,1
3164,1000,1,1
3165,649,171,0
3166,1380,781,1
3167,1099,388,1
3168,190,1508,0
3169,121,1556,1
3170,829,1275,0
3171,73,158,0
3172,23,1469,0
3173,32,1558,0
3174,39,331,1
3175,1382,283,1
3176,705,2,1
3177,53,154,0
3178,1353,2,1
3179,388,492,0
3180,1020,1338,0
3181,288,1,1
3182,182,969,0
3183,1149,1560,1
3184,1383,71,1
3185,81,525,0
3186,269,1,1
3187,20,1403,1
3188,1385,177,0
3189,183,551,0
3190,18,236,1
3191,31,40,1
3192,940,444,1
3193,1387,493,1
3194,821,673,0
3195,39,669,1
3196,397,1407,0
3197,86,659,0
3198,332,673,0
3199,177,1391,1
3200,225,1562,0
3201,659,1,1
3202,94,1359,1
3203,1388,871,0
3204,1389,1563,0
3205,421,966,1
3206,1050,129,1
3207,1054,1564,0
3208,479,546,0
3209,1390,8,1
3210,555,534,0
3211,1393,243,1
3212,143,413,1
3213,39,772,1
3214,1394,1,1
3215,1395,15,1
3216,739,711,0
3217,94,571,1
3218,513,1139,0
3219,746,223,0
3220,421,8,1
3221,23,56,0
3222,42,559,0
3223,1267,503,0
3224,1399,338,1
3225,1400,178,1
3226,20,1566,1
3227,148,1567,0
3228,706,1568,0
3229,1402,316,1
3230,1013,2,1
3231,1403,631,0
3232,724,1397,0
3233,20,598,1
3234,621,875,0
3235,1404,717,0
3236,1405,283,1
3237,401,1163,0
3238,18,327,1
3239,428,1570,0
3240,1156,191,1
3241,62,1,1
3242,23,108,0
3243,39,1571,1
3244,745,283,1
3245,20,996,1
3246,786,250,0
3247,254,1573,1
3248,72,459,0
3249,247,154,1
3250,1406,578,1
3251,1407,1,1
3252,1408,316,1
3253,60,1574,0
3254,302,739,0
3255,887,1156,1
3256,1409,175,0
3257,426,1021,0
3258,138,1158,0
3259,712,1,1
3260,119,571,1
3261,254,487,1
3262,177,26,1
3263,1410,178,1
3264,1188,474,1
3265,409,114,0
3266,313,1,1
3267,162,389,0
3268,202,421,0
3269,788,281,0
3270,39,315,1
3271,951,955,0
3272,177,1508,1
3273,1412,1,1
3274,20,265,1
3275,155,748,0
3276,744,150,0
3277,105,441,1
3278,1392,386,0
3279,31,446,1
3280,70,1580,0
3281,939,177,0
3282,895,1175,0
3283,982,191,1
3284,62,1,1
3285,590,474,1
3286,882,1049,0
3287,954,1582,0
3288,217,673,0
3289,288,1,1
3290,302,703,0
3291,632,1,1
3292,31,1584,1
3293,13,1139,0
3294,401,965,0
3295,768,64,0
3296,379,1068,0
3297,580,64,0
3298,1417,236,1
3299,106,105,1
3300,1418,301,0
3301,569,569,0
3302,98,367,0
3303,39,1586,1
3304,105,171,1
3305,453,389,0
3306,380,634,0
3307,1000,1,1
3308,1152,174,0
3309,649,779,0
3310,1027,1225,0
3311,958,119,1
3312,1001,339,0
3313,230,99,0
3314,473,770,0
3315,488,1587,0
3316,98,1129,0
3317,1098,720,0
3318,1420,1152,0
3319,1421,1588,1
3320,134,1589,0
3321,39,508,1
3322,1121,791,1
3323,124,1590,0
3324,1422,163,0
3325,508,1242,1
3326,39,40,1
3327,730,1,1
3328,68,205,0
3329,377,778,0
3330,1393,1020,1
3331,39,346,1
3332,189,191,1
3333,60,157,0
3334,23,380,0
3335,144,688,0
3336,161,131,0
3337,7,359,0
3338,1027,1325,0
3339,31,1593,1
3340,53,832,0
3341,1424,218,0
3342,312,1162,0
3343,744,1595,0
3344,121,1596,1
3345,572,1230,0
3346,46,58,0
3347,467,1597,1
3348,159,68,0
3349,391,1539,0
3350,551,30,1
3351,39,8,1
3352,869,997,0
3353,518,1,1
3354,1425,117,1
3355,286,1430,0
3356,1426,1599,0
3357,31,1600,1
3358,1252,1,1
3359,814,1,1
3360,566,546,1
3361,39,497,1
3362,1427,686,1
3363,73,1602,0
3364,39,1603,1
3365,954,4,0
3366,20,1604,1
3367,1253,674,1
3368,739,439,0
3369,20,183,1
3370,311,1147,0
3371,20,706,1
3372,604,686,0
3373,60,1606,0
3374,648,242,0
3375,31,183,1
3376,1428,556,0
3377,252,426,0
3378,113,656,1
3379,49,1,1
3380,744,682,0
3381,471,170,1
3382,395,719,0
3383,270,191,1
3384,206,646,0
3385,1429,548,1
3386,160,9,0
3387,1413,331,0
3388,269,1,1
3389,737,230,1
3390,205,1119,1
3391,179,521,0
3392,555,1607,0
3393,21,340,0
3394,1431,338,1
3395,433,1608,0
3396,20,119,1
3397,1433,15,1
3398,39,526,1
3399,447,717,0
3400,676,1,1
3401,2,2,1
3402,292,1080,1
3403,130,718,1
3404,1436,561,0
3405,39,1177,1
3406,145,1310,0
3407,31,510,1
3408,172,877,1
3409,1437,183,1
3410,1055,571,1
3411,587,1094,1
3412,361,5,0
3413,1084,1609,0
3414,147,186,0
3415,138,1610,0
3416,20,497,1
3417,39,656,1
3418,1351,462,1
3419,350,514,0
3420,121,376,1
3421,538,1611,0
3422,1438,20,0
3423,370,1,1
3424,1439,342,1
3425,1440,460,0
3426,20,1612,1
3427,12,1322,0
3428,1231,890,0
3429,1441,1590,1
3430,412,282,0
3431,31,181,1
3432,1086,825,0
3433,15,257,1
3434,252,676,0
3435,161,15,1
3436,379,1613,0
3437,843,822,0
3438,801,1,1
3439,995,1338,0
3440,224,358,0
3441,252,566,0
3442,42,324,0
3443,388,1614,0
3444,105,1020,1
3445,1442,256,0
3446,1444,178,1
3447,288,2,1
3448,39,261,1
3449,245,15,1
3450,498,411,0
3451,20,353,1
3452,1197,1617,0
3453,361,246,0
3454,1380,48,1
3455,1448,736,0
3456,39,684,1
3457,20,560,1
3458,14,1001,0
3459,379,457,0
3460,23,659,0
3461,868,322,0
3462,15,1620,1
3463,1149,76,1
3464,98,264,0
3465,221,1621,0
3466,1450,493,1
3467,1112,15,1
3468,20,83,1
3469,138,462,0
3470,655,1622,0
3471,39,1415,1
3472,611,1623,0
3473,39,1624,1
3474,123,1,1
3475,763,1528,0
3476,1351,462,1
3477,183,515,0
3478,39,519,1
3479,1204,1259,0
3480,31,1232,1
3481,150,1627,0
3482,1375,1261,1
3483,502,117,1
3484,470,230,1
3485,20,470,1
3486,7,848,0
3487,645,1628,1
3488,1453,349,0
3489,247,1558,1
3490,763,521,0
3491,20,1266,1
3492,23,1289,0
3493,42,1039,0
3494,75,691,0
3495,881,1629,0
3496,1454,1104,1
3497,23,562,0
3498,252,1630,0
3499,105,1293,1
3500,262,349,0
3501,134,537,0
3502,660,373,0
3503,121,1631,1
3504,160,102,0
3505,1050,1632,1
3506,23,1633,0
3507,39,380,1
3508,1022,253,0
3509,755,29,0
3510,191,183,1
3511,827,140,0
3512,421,1635,1
3513,1458,1356,0
3514,988,182,1
3515,25,578,1
3516,1054,603,0
3517,208,927,1
3518,708,1284,0
3519,345,230,1
3520,501,119,1
3521,428,215,0
3522,100,1,1
3523,1459,631,1
3524,179,813,0
3525,177,26,1
3526,1460,283,1
3527,252,1389,0
3528,20,1631,1
3529,39,1638,1
3530,179,846,0
3531,113,656,1
3532,39,324,1
3533,684,194,0
3534,1359,30,1
3535,39,26,1
3536,679,1,1
3537,247,1112,1
3538,39,1641,1
3539,948,331,1
3540,154,984,0
3541,834,1,1
3542,39,119,1
3543,834,1,1
3544,121,318,1
3545,31,1439,1
3546,747,236,1
3547,1466,48,1
3548,426,862,0
3549,31,1321,1
3550,1467,341,1
3551,1468,1,1
3552,1469,1642,1
3553,94,573,1
3554,1125,353,0
3555,1366,1,1
3556,68,322,0
3557,1472,927,1
3558,300,273,0
3559,31,361,1
3560,370,1,1
3561,93,634,0
3562,55,2,1
3563,1473,331,0
3564,94,191,1
3565,1064,474,1
3566,620,40,1
3567,943,363,0
3568,143,413,1
3569,1474,799,0
3570,92,824,0
3571,334,354,0
3572,276,1,1
3573,1475,175,0
3574,105,117,1
3575,266,676,0
3576,1393,243,1
3577,1477,442,0
3578,31,8,1
3579,31,1113,1
3580,75,10,0
3581,922,283,1
3582,303,1,1
3583,603,676,1
3584,1478,1643,0
3585,281,426,0
3586,1479,646,0
3587,1480,617,0
3588,179,1054,0
3589,379,708,0
3590,1481,74,1
3591,382,1357,0
3592,301,367,0
3593,580,274,0
3594,480,1644,0
3595,1482,1645,0
3596,1483,15,1
3597,1035,1037,1
3598,1267,261,1
3599,395,451,0
3600,1075,474,1
3601,24,482,0
3602,792,910,0
3603,815,60,0
3604,20,1646,1
3605,20,706,1
3606,20,1293,1
3607,322,29,0
3608,117,1589,0
3609,452,1,1
3610,20,672,1
3611,1484,651,1
3612,1040,1384,0
3613,300,313,0
3614,135,516,0
3615,59,1183,0
3616,1485,1452,0
3617,851,174,1
3618,871,18,0
3619,1486,560,0
3620,1291,200,1
3621,402,1,1
3622,402,1,1
3623,168,1050,0
3624,91,1647,1
3625,39,119,1
3626,39,288,1
3627,482,503,0
3628,53,1048,0
3629,1252,1,1
3630,234,1491,1
3631,361,907,0
3632,600,363,0
3633,288,1,1
3634,312,102,0
3635,1490,1650,1
3636,7,116,0
3637,67,1201,1
3638,270,374,1
3639,1491,15,1
3640,15,1651,1
3641,106,772,1
3642,160,554,0
3643,1084,987,0
3644,827,942,0
3645,286,1284,0
3646,105,209,1
3647,415,1289,0
3648,39,838,1
3649,479,931,0
3650,31,1206,1
3651,413,46,0
3652,1494,250,0
3653,42,1130,0
3654,20,510,1
3655,389,15,1
3656,1380,1104,1
3657,259,175,0
3658,395,21,0
3659,1495,15,1
3660,120,1,1
3661,1440,101,0
3662,498,359,0
3663,795,1466,0
3664,31,182,1
3665,600,710,0
3666,1498,386,0
3667,138,1654,0
3668,66,1629,0
3669,20,1588,1
3670,440,271,0
3671,20,266,1
3672,1428,380,0
3673,1471,229,0
3674,745,1,1
3675,1499,1656,0
3676,271,1,1
3677,237,372,0
3678,162,1346,0
3679,388,1256,0
3680,300,1657,0
3681,1114,437,1
3682,181,1259,0
3683,750,1536,0
3684,237,1658,0
3685,70,1053,0
3686,1501,117,1
3687,202,1659,0
3688,245,1,1
3689,853,68,1
3690,322,1164,0
3691,406,1513,0
3692,145,1539,0
3693,285,896,1
3694,1502,411,1
3695,56,367,0
3696,1503,1118,1
3697,20,191,1
3698,94,15,1
3699,148,1661,0
3700,31,1662,1
3701,1504,956,0
3702,20,1516,1
3703,1442,1663,0
3704,753,1367,0
3705,237,536,0
3706,1505,1599,0
3707,139,493,0
3708,20,183,1
3709,912,1,1
3710,987,1,1
3711,154,1664,0
3712,1506,8,1
3713,91,33,1
3714,247,655,1
3715,1134,171,0
3716,91,255,1
3717,813,498,1
3718,739,534,0
3719,130,15,1
3720,20,1666,1
3721,98,883,0
3722,643,853,0
3723,431,46,0
3724,660,186,0
3725,201,50,0
3726,15,707,1
3727,488,93,0
3728,39,769,1
3729,230,161,0
3730,437,1,1
3731,607,1040,0
3732,294,1540,0
3733,224,1242,0
3734,906,1163,0
3735,1507,785,1
3736,276,1,1
3737,391,1668,0
3738,1273,1100,1
3739,138,381,0
3740,144,868,0
3741,147,1595,0
3742,459,1113,1
3743,31,1343,1
3744,1508,83,1
3745,0,175,0
3746,94,15,1
3747,1091,797,0
3748,724,215,0
3749,950,1,1
3750,86,1669,0
3751,20,1033,1
3752,105,105,1
3753,39,536,1
3754,515,1670,0
3755,66,60,0
3756,1393,1020,1
3757,39,324,1
3758,1509,286,0
3759,309,256,1
3760,263,877,1
3761,1510,493,0
3762,666,537,0
3763,1359,30,1
3764,607,1672,0
3765,208,578,1
3766,659,1,1
3767,53,607,0
3768,39,462,1
3769,31,138,1
3770,1458,1673,0
3771,830,331,0
3772,121,1492,1
3773,401,355,0
3774,1512,480,1
3775,1513,48,1
3776,121,1596,1
3777,252,385,0
3778,1068,283,1
3779,406,208,0
3780,97,1657,0
3781,20,517,1
3782,39,1292,1
3783,1515,1091,0
3784,323,1,1
3785,1516,15,1
3786,488,448,0
3787,15,340,1
3788,388,331,1
3789,179,173,0
3790,1517,15,1
3791,317,1675,0
3792,1518,1053,0
3793,1519,1155,1
3794,323,1,1
3795,752,72,1
3796,788,344,0
3797,1520,1676,0
3798,31,1647,1
3799,31,15,1
3800,402,1,1
3801,1521,191,1
3802,20,1037,1
3803,1523,686,0
3804,1524,338,1
3805,275,911,0
3806,1525,191,1
3807,611,482,0
3808,59,1677,0
3809,464,1137,0
3810,20,656,1
3811,60,772,0
3812,473,745,0
3813,1526,183,1
3814,1527,1438,0
3815,1528,1429,0
3816,138,286,0
3817,205,611,1
3818,294,213,0
3819,202,967,0
3820,432,1,1
3821,1339,221,0
3822,86,384,0
3823,23,473,0
3824,60,1247,0
3825,75,1040,0
3826,312,242,0
3827,804,65,0
3828,301,1680,0
3829,900,1,1
3830,20,639,1
3831,570,60,0
3832,471,904,1
3833,217,871,0
3834,1529,684,0
3835,699,246,0
3836,421,1681,1
3837,281,1,0
3838,492,191,1
3839,31,1682,1
3840,599,1602,0
3841,39,151,1
3842,1531,2,1
3843,75,21,0
3844,150,1193,0
3845,1532,134,1
3846,86,1445,0
3847,1160,41,0
3848,39,1685,1
3849,162,1289,0
3850,179,1517,0
3851,178,2,1
3852,150,60,0
3853,1533,1503,0
3854,20,426,1
3855,17,85,1
3856,1061,171,0
3857,105,1686,1
3858,18,653,1
3859,1273,476,1
3860,1025,1,1
3861,1050,129,1
3862,20,849,1
3863,20,5,1
3864,94,191,1
3865,572,459,0
3866,20,764,1
3867,1157,2,1
3868,595,1,1
3869,312,1539,0
3870,388,1020,0
3871,39,1097,1
3872,20,977,1
3873,39,1687,1
3874,1534,440,1
3875,530,72,1
3876,91,191,1
3877,91,1508,1
3878,39,1084,1
3879,172,571,1
3880,1309,1,1
3881,91,1359,1
3882,18,191,1
3883,181,772,0
3884,825,904,0
3885,450,252,1
3886,322,1689,0
3887,790,1690,0
3888,863,1595,0
3889,182,922,0
3890,1536,1691,0
3891,799,387,1
3892,431,1692,0
3893,53,1,0
3894,49,1,1
3895,336,1,1
3896,1006,940,0
3897,269,1,1
3898,822,1455,0
3899,128,656,1
3900,1047,1040,0
3901,1538,4,1
3902,1539,8,1
3903,228,479,1
3904,645,1391,1
3905,1541,969,0
3906,362,1,1
3907,9,649,0
3908,836,452,0
3909,1542,983,0
3910,395,261,0
3911,121,1225,1
3912,518,1,1
3913,888,1,1
3914,417,1693,0
3915,1199,338,1
3916,1187,250,0
3917,1543,1694,0
3918,143,413,1
3919,34,777,0
3920,1001,1689,0
3921,39,1582,1
3922,11,1695,0
3923,211,1538,0
3924,211,728,0
3925,134,115,0
3926,130,1582,1
3927,1262,386,0
3928,600,1698,0
3929,403,1,1
3930,1511,1518,0
3931,1546,1,1
3932,24,1470,0
3933,1547,1699,0
3934,390,1630,0
3935,1064,108,1
3936,252,1590,0
3937,121,1700,1
3938,20,1582,1
3939,951,1117,0
3940,757,15,1
3941,1470,1,1
3942,1549,15,1
3943,1550,1189,1
3944,360,1437,0
3945,334,663,0
3946,20,183,1
3947,419,110,1
3948,130,1306,1
3949,1251,170,1
3950,177,1391,1
3951,1278,1127,1
3952,20,185,1
3953,305,27,0
3954,679,1,1
3955,31,144,1
3956,93,383,0
3957,105,1,1
3958,759,1703,0
3959,1553,1,1
3960,85,1643,0
3961,1225,1,1
3962,138,405,0
3963,1555,15,1
3964,145,305,0
3965,420,86,0
3966,20,1414,1
3967,31,1705,1
3968,102,684,0
3969,1556,1,1
3970,20,686,1
3971,286,1706,0
3972,332,15,1
3973,252,1421,0
3974,1324,606,1
3975,86,145,0
3976,1558,186,0
3977,20,1505,1
3978,31,1283,1
3979,1559,1247,0
3980,997,1053,0
3981,1272,1554,0
3982,830,430,0
3983,20,1707,1
3984,300,351,0
3985,777,1352,0
3986,588,1708,0
3987,645,1628,1
3988,1560,1299,1
3989,1561,1,1
3990,20,85,1
3991,94,195,1
3992,421,309,1
3993,1562,373,0
3994,372,383,0
3995,262,60,0
3996,395,1608,0
3997,580,154,0
3998,205,877,1
3999,91,1403,1
4000,286,745,0
4001,778,571,1
4002,1563,548,1
4003,599,1005,0
4004,1342,95,0
4005,31,1711,1
4006,1298,191,1
4007,1264,537,0
4008,1564,64,0
4009,793,48,1
4010,398,119,1
4011,407,48,1
4012,614,208,0
4013,1194,238,0
4014,1561,1,1
4015,228,614,1
4016,1565,48,1
4017,1099,388,1
4018,1508,83,1
4019,20,573,1
4020,853,973,1
4021,1566,163,0
4022,734,871,0
4023,53,1056,0
4024,609,578,1
4025,684,1643,0
4026,1028,15,1
4027,1567,459,0
4028,42,890,0
4029,608,151,1
4030,643,686,0
4031,923,15,1
4032,254,1287,1
4033,138,10,0
4034,334,719,0
4035,814,1,1
4036,101,349,0
4037,1569,48,1
4038,38,181,0
4039,20,83,1
4040,599,811,0
4041,137,2,1
4042,1570,1,1
4043,50,40,1
4044,430,71,1
4045,496,1,1
4046,409,1713,0
4047,138,1623,0
4048,1216,990,0
4049,753,832,0
4050,39,606,1
4051,7,1518,0
4052,134,1081,0
4053,20,230,1
4054,719,1296,0
4055,31,632,1
4056,1572,785,1
4057,86,1223,0
4058,256,1715,1
4059,1318,748,0
4060,1234,1408,0
4061,323,1,1
4062,39,858,1
4063,1573,398,1
4064,1575,1,1
4065,815,105,0
4066,39,1174,1
4067,60,908,0
4068,777,1716,0
4069,39,1717,1
4070,408,590,0
4071,1441,485,1
4072,1000,1,1
4073,438,1,1
4074,1576,338,1
4075,39,1299,1
4076,750,1033,0
4077,455,656,1
4078,121,331,1
4079,1579,48,1
4080,42,1050,0
4081,70,1138,0
4082,6,1718,0
4083,391,116,0
4084,121,817,1
4085,1280,1700,1
4086,105,1316,1
4087,1135,1,1
4088,187,454,1
4089,1581,910,0
4090,1085,692,0
4091,1582,117,1
4092,237,1719,0
4093,91,40,1
4094,603,404,1
4095,987,1,1
4096,1525,191,1
4097,519,1,1
4098,1583,1455,0
4099,20,183,1
4100,1584,48,1
4101,1585,1118,1
4102,1586,1,1
4103,39,404,1
4104,31,739,1
4105,969,1,1
4106,398,388,1
4107,357,1720,0
4108,237,451,0
4109,1051,1247,0
4110,39,1721,1
4111,20,892,1
4112,595,1,1
4113,415,823,0
4114,153,1,1
4115,1588,8,1
4116,676,1,1
4117,74,1722,0
4118,1589,1340,0
4119,228,614,1
4120,39,341,1
4121,331,785,0
4122,225,1439,0
4123,1128,803,0
4124,86,164,0
4125,1374,1182,0
4126,336,1,1
4127,20,318,1
4128,903,633,0
4129,421,8,1
4130,255,1065,0
4131,1590,1237,0
4132,15,510,1
4133,67,598,1
4134,1591,15,1
4135,561,274,0
4136,1592,1723,0
4137,933,30,1
4138,722,1,1
4139,18,131,1
4140,761,117,1
4141,31,1724,1
4142,145,561,0
4143,436,1,0
4144,15,763,1
4145,379,1725,0
4146,163,1669,0
4147,86,1421,0
4148,18,327,1
4149,15,151,1
4150,305,1726,0
4151,837,739,0
4152,121,1266,1
4153,1025,1,1
4154,39,324,1
4155,724,1348,0
4156,1017,1728,0
4157,1595,909,0
4158,1596,56,0
4159,50,877,1
4160,39,1705,1
4161,1597,678,0
4162,36,1139,0
4163,201,13,0
4164,121,1631,1
4165,121,497,1
4166,518,1,1
4167,508,678,1
4168,62,1,1
4169,599,65,0
4170,1470,1,1
4171,56,1320,0
4172,105,510,1
4173,785,1439,0
4174,268,871,0
4175,39,996,1
4176,1233,1009,0
4177,138,667,0
4178,92,1032,0
4179,5,386,0
4180,96,311,0
4181,20,83,1
4182,322,293,0
4183,747,131,1
4184,18,629,1
4185,254,1219,1
4186,1600,1698,0
4187,17,1365,1
4188,1267,1156,1
4189,381,1194,0
4190,1601,15,1
4191,91,320,1
4192,569,816,0
4193,462,388,1
4194,473,1062,0
4195,1602,246,0
4196,20,1080,1
4197,603,570,1
4198,202,848,0
4199,20,1298,1
4200,984,1730,0
4201,1230,283,1
4202,877,1613,0
4203,799,30,1
4204,1603,1732,0
4205,83,1429,0
4206,279,1547,0
4207,60,1068,0
4208,459,183,1
4209,1604,6,1
4210,738,994,0
4211,603,88,1
4212,1017,1733,0
4213,39,183,1
4214,305,1734,0
4215,954,911,0
4216,370,1,1
4217,479,865,0
4218,1605,26,1
4219,74,1735,0
4220,1124,569,0
4221,1196,869,0
4222,1606,871,0
4223,1278,89,0
4224,1607,848,0
4225,785,569,0
4226,281,537,0
4227,690,183,1
4228,282,65,0
4229,67,151,1
4230,1539,8,1
4231,618,285,0
4232,829,1736,0
4233,15,26,1
4234,23,318,0
4235,1224,1738,0
4236,1608,1419,1
4237,59,789,0
4238,1546,1,1
4239,252,1739,0
4240,225,1740,0
4241,254,644,1
4242,1134,379,0
4243,247,1258,1
4244,133,917,0
4245,91,236,1
4246,162,823,0
4247,766,1742,0
4248,254,261,1
4249,20,298,1
4250,399,1582,1
4251,39,681,1
4252,14,1355,0
4253,31,1118,1
4254,1610,8,1
4255,163,1745,0
4256,55,1,1
4257,9,910,0
4258,39,1482,1
4259,14,130,0
4260,327,1,1
4261,94,1491,1
4262,1006,556,0
4263,840,1723,0
4264,1506,8,1
4265,1047,65,0
4266,31,1746,1
4267,1562,1290,0
4268,576,822,0
4269,477,283,1
4270,1612,1,1
4271,20,1266,1
4272,46,1367,0
4273,39,1447,1
4274,1098,926,0
4275,155,637,0
4276,144,576,0
4277,38,551,0
4278,1298,191,1
4279,7,1229,0
4280,498,816,0
4281,1192,283,1
4282,1614,953,0
4283,785,572,0
4284,1175,1,1
4285,20,868,1
4286,31,779,1
4287,31,1153,1
4288,39,1266,1
4289,1453,703,0
4290,39,10,1
4291,31,480,1
4292,31,1750,1
4293,20,1751,1
4294,836,502,0
4295,31,426,1
4296,410,1439,0
4297,1170,474,1
4298,343,167,0
4299,196,106,0
4300,223,764,1
4301,1000,283,1
4302,5,169,0
4303,1615,71,1
4304,68,197,0
4305,1616,338,1
4306,616,1724,1
4307,1136,1,1
4308,390,486,0
4309,1412,1,1
4310,541,654,0
4311,403,1,1
4312,502,71,1
4313,1618,592,1
4314,18,15,1
4315,1619,87,0
4316,91,1753,1
4317,247,227,1
4318,205,230,1
4319,954,1184,0
4320,237,87,0
4321,121,1754,1
4322,819,238,0
4323,20,1755,1
4324,39,174,1
4325,997,1756,0
4326,900,1,1
4327,39,1051,1
4328,53,730,0
4329,20,1492,1
4330,1621,669,1
4331,1398,548,1
4332,232,290,0
4333,214,1757,0
4334,360,145,0
4335,176,1068,0
4336,121,1758,1
4337,278,232,1
4338,1622,480,1
4339,104,184,0
4340,336,1,1
4341,20,1760,1
4342,20,667,1
4343,799,1037,1
4344,1560,1299,1
4345,211,228,0
4346,408,407,0
4347,496,1761,0
4348,1018,1,1
4349,1625,239,0
4350,1626,1,1
4351,1099,388,1
4352,53,1722,0
4353,74,1762,0
4354,1541,1009,0
4355,70,1722,0
4356,18,151,1
4357,318,572,0
4358,130,1104,1
4359,632,1,1
4360,74,875,0
4361,1627,852,1
4362,1628,599,0
4363,799,1153,1
4364,286,20,0
4365,20,1764,1
4366,1629,191,1
4367,1366,1,1
4368,395,927,0
4369,39,470,1
4370,1630,710,0
4371,180,1162,0
4372,254,171,1
4373,130,1053,1
4374,31,838,1
4375,237,229,0
4376,86,155,0
4377,1632,572,0
4378,39,129,1
4379,1433,15,1
4380,61,1765,0
4381,486,673,0
4382,1633,1766,1
4383,432,1,1
4384,42,1767,0
4385,739,1,0
4386,39,342,1
4387,437,1,1
4388,804,1053,0
4389,1156,191,1
4390,42,921,0
4391,759,1095,0
4392,49,1,1
4393,863,150,0
4394,185,1658,0
4395,388,880,0
4396,1190,15,1
4397,360,837,0
4398,1307,128,0
4399,286,47,0
4400,168,490,0
4401,1635,191,1
4402,1380,1582,1
4403,134,655,0
4404,933,30,1
4405,74,1015,0
4406,121,667,1
4407,391,305,0
4408,39,377,1
4409,360,32,0
4410,181,1455,0
4411,121,904,1
4412,1637,15,1
4413,39,374,1
4414,440,710,0
4415,745,1,1
4416,31,1768,1
4417,14,1769,0
4418,388,1770,0
4419,1441,286,1
4420,113,1502,1
4421,840,1528,0
4422,294,1431,0
4423,145,600,0
4424,223,1040,1
4425,115,1,1
4426,894,1031,0
4427,1638,1,1
4428,421,316,1
4429,1640,1,1
4430,254,1219,1
4431,1641,676,1
4432,1642,404,0
4433,39,380,1
4434,181,154,0
4435,39,183,1
4436,1166,1772,0
4437,607,1773,0
4438,20,1566,1
4439,31,706,1
4440,138,107,0
4441,1068,1,1
4442,20,1119,1
4443,1643,359,1
4444,252,1268,0
4445,291,1495,0
4446,1644,71,1
4447,497,546,1
4448,20,1775,1
4449,14,265,0
4450,138,1776,0
4451,358,927,1
4452,900,1,1
4453,708,363,0
4454,31,1070,1
4455,899,1778,0
4456,1646,1780,0
4457,225,379,0
4458,594,877,1
4459,304,2,1
4460,345,72,1
4461,7,1050,0
4462,365,30,1
4463,20,561,1
4464,871,561,0
4465,39,331,1
4466,31,178,1
4467,101,101,0
4468,1409,777,0
4469,590,493,1
4470,1647,927,1
4471,318,434,0
4472,31,1781,1
4473,1648,283,1
4474,722,1,1
4475,8,8,1
4476,147,710,0
4477,15,85,1
4478,67,185,1
4479,181,1762,0
4480,1650,4,0
4481,46,395,0
4482,1156,191,1
4483,221,1782,0
4484,958,383,1
4485,1586,1,1
4486,39,885,1
4487,215,1783,0
4488,323,1,1
4489,255,452,0
4490,1652,1784,0
4491,5,942,0
4492,656,452,0
4493,428,281,0
4494,1252,1,1
4495,31,1310,1
4496,20,30,1
4497,13,1656,0
4498,17,664,1
4499,1025,1,1
4500,407,1225,1
4501,570,99,0
4502,572,1785,0
4503,785,362,0
4504,121,1396,1
4505,228,151,1
4506,1309,1,1
4507,31,1447,1
4508,163,1589,0
4509,52,611,1
4510,31,1786,1
4511,286,1320,0
4512,408,1570,0
4513,1655,909,0
4514,843,928,0
4515,379,1692,0
4516,31,1108,1
4517,1656,1,1
4518,391,982,0
4519,294,562,0
4520,74,604,0
4521,117,1028,0
4522,1657,69,0
4523,9,1340,0
4524,805,80,0
4525,341,1,1
4526,1658,981,1
4527,237,1063,0
4528,408,1556,0
4529,277,910,0
4530,1132,1069,0
4531,400,1558,0
4532,39,51,1
4533,331,470,0
4534,105,1787,1
4535,138,1789,0
4536,488,688,0
4537,266,87,0
4538,23,1028,0
4539,194,1275,0
4540,1287,8,1
4541,360,816,0
4542,1660,1355,0
4543,67,151,1
4544,86,1091,0
4545,699,101,0
4546,312,389,0
4547,1396,1790,0
4548,105,441,1
4549,355,151,1
4550,39,1439,1
4551,136,385,0
4552,530,72,1
4553,31,15,1
4554,706,1791,0
4555,1655,800,0
4556,74,1094,0
4557,419,1724,1
4558,1,522,0
4559,542,727,0
4560,1661,338,1
4561,20,1298,1
4562,275,1040,0
4563,626,177,0
4564,155,832,0
4565,401,1104,0
4566,1412,1,1
4567,134,658,0
4568,180,682,0
4569,858,209,1
4570,1145,277,0
4571,796,1643,0
4572,827,457,0
4573,706,1792,0
4574,1031,966,1
4575,632,1,1
4576,650,175,0
4577,1164,131,0
4578,39,724,1
4579,706,1228,0
4580,39,85,1
4581,67,8,1
4582,56,1793,0
4583,39,1560,1
4584,279,1794,0
4585,1093,1,0
4586,332,257,1
4587,219,437,1
4588,1665,839,0
4589,708,551,0
4590,381,153,0
4591,933,1415,1
4592,91,340,1
4593,1666,326,0
4594,31,15,1
4595,1667,707,1
4596,23,649,0
4597,550,656,1
4598,39,1201,1
4599,27,26,1
4600,970,452,0
4601,1000,1,1
4602,39,813,1
4603,31,1796,1
4604,906,55,0
4605,86,1152,0
4606,74,163,0
4607,53,69,0
4608,1385,148,0
4609,450,1401,1
4610,726,127,1
4611,1668,398,1
4612,834,1,1
4613,15,1118,1
4614,1541,1782,0
4615,1458,1659,0
4616,198,380,0
4617,834,1,1
4618,1129,1,1
4619,31,1797,1
4620,1270,175,0
4621,438,1,1
4622,1039,1,1
4623,948,72,1
4624,1669,583,0
4625,1324,810,1
4626,143,287,1
4627,177,1391,1
4628,125,336,0
4629,1613,1799,0
4630,123,2,1
4631,5,1210,0
4632,60,873,0
4633,224,1028,0
4634,91,1778,1
4635,20,1800,1
4636,1033,15,1
4637,20,357,1
4638,122,852,0
4639,395,967,0
4640,20,1801,1
4641,46,152,0
4642,20,1682,1
4643,224,1802,0
4644,91,1803,1
4645,722,1,1
4646,533,191,1
4647,604,194,0
4648,39,629,1
4649,490,770,0
4650,1675,885,1
4651,802,1804,1
4652,18,1537,1
4653,31,748,1
4654,1275,546,1
4655,205,764,1
4656,1651,1805,0
4657,1229,587,0
4658,302,332,0
4659,1152,1806,0
4660,1655,1769,0
4661,121,1119,1
4662,614,956,0
4663,569,1808,0
4664,1302,278,0
4665,992,1,1
4666,839,140,0
4667,245,1156,1
4668,1677,604,0
4669,479,1468,0
4670,370,1,1
4671,415,1469,0
4672,25,571,1
4673,1678,130,1
4674,1074,482,0
4675,719,507,0
4676,1679,676,1
4677,491,766,1
4678,163,115,0
4679,387,751,0
4680,1072,1,1
4681,66,311,0
4682,660,1810,0
4683,20,1558,1
4684,247,760,1
4685,163,1811,0
4686,1680,560,1
4687,39,1283,1
4688,1681,440,1
4689,31,552,1
4690,381,491,0
4691,1006,1595,0
4692,121,887,1
4693,158,93,0
4694,177,1657,1
4695,77,1623,0
4696,254,1396,1
4697,1267,261,1
4698,587,562,1
4699,1666,1813,0
4700,1554,48,1
4701,856,632,0
4702,488,1247,0
4703,138,1176,0
4704,20,183,1
4705,1682,446,1
4706,1683,1,1
4707,231,1,1
4708,303,1,1
4709,13,1439,0
4710,205,927,1
4711,134,1814,0
4712,270,159,1
4713,182,683,0
4714,60,69,0
4715,181,711,0
4716,312,1357,0
4717,46,931,0
4718,659,1,1
4719,422,369,0
4720,655,1815,0
4721,1013,1,1
4722,508,1310,1
4723,39,999,1
4724,585,824,0
4725,31,1258,1
4726,1485,238,0
4727,74,560,0
4728,785,990,0
4729,31,779,1
4730,272,1544,0
4731,1136,2,1
4732,560,1666,0
4733,173,26,0
4734,134,1816,0
4735,587,656,1
4736,20,722,1
4737,1581,21,0
4738,1441,1266,1
4739,815,1225,0
4740,508,1502,1
4741,569,990,0
4742,20,1414,1
4743,470,1040,1
4744,68,816,0
4745,445,408,0
4746,1685,646,0
4747,60,659,0
4748,211,1817,0
4749,71,752,0
4750,42,1818,0
4751,999,1325,0
4752,31,1516,1
4753,247,159,1
4754,1686,322,0
4755,168,186,0
4756,179,1040,0
4757,993,1005,0
4758,655,775,0
4759,378,215,0
4760,67,151,1
4761,39,250,1
4762,785,758,0
4763,205,803,1
4764,614,1819,0
4765,815,1014,0
4766,60,1054,0
4767,1687,46,0
4768,1262,823,0
4769,1688,677,0
4770,881,542,0
4771,645,561,1
4772,385,1255,0
4773,39,728,1
4774,913,1677,0
4775,821,990,0
4776,748,15,1
4777,899,537,0
4778,252,291,0
4779,788,1669,0
4780,538,1670,0
4781,1490,949,1
4782,1327,2,1
4783,163,426,0
4784,263,571,1
4785,134,1820,0
4786,31,15,1
4787,745,1,1
4788,228,377,1
4789,1225,1,1
4790,448,7,0
4791,766,1797,0
4792,444,571,1
4793,159,727,0
4794,309,30,1
4795,66,1322,0
4796,20,371,1
4797,360,583,0
4798,488,739,0
4799,39,1354,1
4800,503,1,1
4801,98,1738,0
4802,426,88,0
4803,328,1,1
4804,366,1289,0
4805,322,1222,0
4806,179,171,0
4807,101,379,0
4808,361,654,0
4809,194,367,0
4810,262,482,0
4811,1691,604,0
4812,327,1,1
4813,821,1322,0
4814,39,85,1
4815,1013,1,1
4816,773,117,1
4817,1692,398,1
4818,177,1508,1
4819,388,933,0
4820,1494,1222,0
4821,706,1823,0
4822,880,646,0
4823,177,26,1
4824,23,862,0
4825,390,1826,0
4826,294,380,0
4827,1658,1707,1
4828,228,151,1
4829,31,1063,1
4830,39,500,1
4831,31,1764,1
4832,182,470,0
4833,181,648,0
4834,880,645,0
4835,128,129,1
4836,23,554,0
4837,1694,1799,0
4838,391,736,0
4839,1695,182,1
4840,1696,130,1
4841,438,1,1
4842,935,1590,0
4843,1127,227,0
4844,1697,1301,0
4845,1699,129,1
4846,39,766,1
4847,20,972,1
4848,1700,2,1
4849,312,305,0
4850,202,578,0
4851,70,682,0
4852,432,2,1
4853,603,8,1
4854,160,1013,0
4855,1701,117,1
4856,31,1632,1
4857,1702,2,1
4858,102,216,0
4859,395,1599,0
4860,599,1742,0
4861,31,1611,1
4862,181,1346,0
4863,214,1828,0
4864,247,1829,1
4865,1688,495,0
4866,20,706,1
4867,31,476,1
4868,1027,271,0
4869,31,1492,1
4870,645,152,1
4871,382,1050,0
4872,20,1277,1
4873,94,1830,1
4874,44,167,0
4875,31,1831,1
4876,20,398,1
4877,1705,174,1
4878,1706,1315,1
4879,1707,480,1
4880,31,83,1
4881,1193,265,0
4882,1342,961,0
4883,121,1293,1
4884,20,1832,1
4885,39,1833,1
4886,1709,928,0
4887,237,1005,0
4888,640,2,1
4889,225,1716,0
4890,187,503,0
4891,969,1,1
4892,91,183,1
4893,17,1707,1
4894,871,102,0
4895,94,927,1
4896,1533,983,0
4897,776,1833,1
4898,1477,1020,0
4899,640,1,1
4900,23,924,0
4901,102,1770,0
4902,221,883,0
4903,1710,1834,0
4904,955,1,1
4905,706,1835,0
4906,31,448,1
4907,925,30,1
4908,39,1094,1
4909,88,83,1
4910,379,1811,0
4911,155,890,0
4912,357,645,0
4913,20,598,1
4914,1702,1,1
4915,1671,885,1
4916,1711,88,1
4917,318,1836,0
4918,39,1837,1
4919,31,1838,1
4920,155,434,0
4921,555,1,0
4922,31,1001,1
4923,17,526,1
4924,66,397,0
4925,600,1632,1
4926,1047,1840,0
4927,1413,1139,0
4928,1576,592,1
4929,20,1131,1
4930,1177,283,1
4931,216,1280,0
4932,31,887,1
4933,20,1841,1
4934,86,497,0
4935,1714,482,0
4936,1715,130,1
4937,590,474,1
4938,196,1452,0
4939,31,40,1
4940,448,1547,0
4941,405,1590,0
4942,943,218,0
4943,604,395,0
4944,864,442,0
4945,459,183,1
4946,1716,964,1
4947,491,413,1
4948,1456,861,0
4949,834,1,1
4950,31,575,1
4951,1717,669,1
4952,256,611,1
4953,776,289,1
4954,1718,1,1
4955,221,583,0
4956,1426,1673,0
4957,145,1643,0
4958,49,1,1
4959,296,1203,0
4960,799,499,1
4961,1720,117,1
4962,1149,191,1
4963,359,8,1
4964,1721,1,1
4965,74,1310,0
4966,224,4,0
4967,31,1053,1
4968,987,1,1
4969,1477,2,0
4970,20,999,1
4971,66,727,0
4972,39,236,1
4973,693,1632,0
4974,309,316,1
4975,1335,223,0
4976,162,1595,0
4977,20,1843,1
4978,134,1152,0
4979,31,15,1
4980,311,1845,0
4981,508,1647,1
4982,1186,385,0
4983,20,706,1
4984,712,1,1
4985,1348,1524,1
4986,1724,973,0
4987,839,1846,0
4988,39,33,1
4989,1666,1845,0
4990,660,502,0
4991,737,877,1
4992,412,1453,0
4993,948,804,1
4994,750,929,0
4995,121,611,1
4996,94,252,1
4997,31,802,1
4998,358,1080,1
4999,348,1519,0
5000,310,910,0
5001,277,1849,0
5002,471,1415,1
5003,644,15,1
5004,476,2,1
5005,611,277,0
5006,60,929,0
5007,39,380,1
5008,1700,2,1
5009,224,1850,0
5010,39,1628,1
5011,18,327,1
5012,20,1643,1
5013,20,1694,1
5014,1245,18,0
5015,491,642,1
5016,371,11,0
5017,1366,1,1
5018,313,1,1
5019,20,374,1
5020,163,1355,0
5021,1050,1632,1
5022,1029,917,0
5023,9,490,0
5024,163,1288,0
5025,1386,918,0
5026,163,1437,0
5027,1035,1153,1
5028,91,191,1
5029,262,397,0
5030,31,1492,1
5031,168,88,0
5032,469,437,0
5033,1441,1266,1
5034,39,1177,1
5035,360,634,0
5036,134,1440,0
5037,20,183,1
5038,365,227,1
5039,425,1,1
5040,104,145,0
5041,73,57,0
5042,1225,1,1
5043,570,47,0
5044,192,727,0
5045,38,777,0
5046,1729,1,1
5047,5,1811,0
5048,70,295,0
5049,868,1503,0
5050,407,191,1
5051,1074,11,0
5052,508,653,1
5053,17,1042,1
5054,395,1756,0
5055,1614,199,0
5056,818,562,1
5057,9,404,0
5058,1732,1851,0
5059,31,15,1
5060,1006,367,0
5061,121,519,1
5062,1135,1,1
5063,1454,130,1
5064,1093,641,0
5065,91,1852,1
5066,157,60,0
5067,42,1199,0
5068,391,1431,0
5069,177,26,1
5070,163,710,0
5071,1734,1230,0
5072,611,910,0
5073,1316,666,1
5074,1605,26,1
5075,888,1,1
5076,23,1595,0
5077,318,28,0
5078,20,1355,1
5079,1735,1419,1
5080,31,1037,1
5081,471,367,0
5082,31,1853,1
5083,68,23,0
5084,81,82,0
5085,1736,1166,0
5086,92,493,0
5087,983,573,1
5088,1739,493,1
5089,39,1766,1
5090,138,1296,0
5091,880,1056,0
5092,1740,592,1
5093,479,1464,0
5094,148,513,0
5095,104,496,0
5096,1741,1286,0
5097,1742,177,0
5098,70,135,0
5099,120,1,1
5100,181,1855,0
5101,1560,1299,1
5102,21,366,0
5103,286,938,0
5104,1743,329,1
5105,85,960,1
5106,1723,497,0
5107,447,1178,0
5108,134,1858,0
5109,75,1325,0
5110,185,1050,0
5111,1407,1,1
5112,1098,986,0
5113,1160,186,0
5114,74,454,0
5115,290,854,0
5116,323,1,1
5117,1746,1139,0
5118,31,1860,1
5119,42,1005,0
5120,1747,1445,0
5121,179,1020,0
5122,1748,1360,0
5123,417,1861,0
5124,587,129,1
5125,39,1049,1
5126,543,1415,1
5127,138,1862,0
5128,39,611,1
5129,877,686,0
5130,20,529,1
5131,445,640,0
5132,1327,1,1
5133,1225,1,1
5134,144,711,0
5135,196,701,0
5136,31,15,1
5137,39,1863,1
5138,355,151,1
5139,20,1631,1
5140,20,108,1
5141,295,844,0
5142,1752,1139,0
5143,520,670,0
5144,9,576,0
5145,919,166,0
5146,544,197,0
5147,399,4,1
5148,70,387,0
5149,130,1188,1
5150,785,331,0
5151,59,282,0
5152,1223,1141,0
5153,39,39,1
5154,1621,658,0
5155,39,1864,1
5156,91,40,1
5157,1754,1,1
5158,1755,197,0
5159,1188,474,1
5160,759,1865,0
5161,134,940,0
5162,659,1,1
5163,31,30,1
5164,20,1456,1
5165,1337,8,1
5166,587,215,1
5167,675,5,0
5168,1729,1,1
5169,31,144,1
5170,210,4,0
5171,20,1104,1
5172,1586,1,1
5173,39,1505,1
5174,20,1866,1
5175,14,1091,0
5176,31,772,1
5177,269,1,1
5178,473,551,0
5179,489,1153,1
5180,39,87,1
5181,91,1641,1
5182,459,183,1
5183,380,1632,0
5184,192,871,0
5185,247,724,1
5186,23,856,0
5187,179,955,0
5188,162,870,0
5189,1153,571,1
5190,121,270,1
5191,1245,1867,0
5192,611,51,0
5193,479,46,0
5194,121,560,1
5195,62,1,1
5196,155,561,0
5197,77,1870,0
5198,1183,8,1
5199,722,1,1
5200,1372,710,0
5201,512,1514,0
5202,20,1721,1
5203,124,747,0
5204,1643,359,1
5205,739,328,0
5206,15,960,1
5207,86,907,0
5208,712,1,1
5209,314,1,1
5210,1758,185,0
5211,252,1872,0
5212,1184,1236,0
5213,735,1658,0
5214,348,501,0
5215,252,395,0
5216,1759,48,1
5217,1760,178,1
5218,20,510,1
5219,161,15,1
5220,309,387,1
5221,490,519,1
5222,1460,1,1
5223,1000,1,1
5224,550,656,1
5225,1665,741,0
5226,44,175,0
5227,550,85,1
5228,120,1,1
5229,498,1050,0
5230,1695,592,1
5231,81,359,0
5232,1761,117,1
5233,20,1873,1
5234,827,666,0
5235,501,817,1
5236,518,1,1
5237,413,1056,0
5238,31,364,1
5239,177,26,1
5240,530,578,1
5241,68,233,0
5242,119,1,1
5243,1020,1445,0
5244,954,48,0
5245,276,1,1
5246,327,1,1
5247,133,485,0
5248,65,1405,0
5249,1147,1438,0
5250,448,218,0
5251,247,733,1
5252,225,666,0
5253,633,87,0
5254,1762,183,1
5255,17,1365,1
5256,31,82,1
5257,198,186,0
5258,1448,631,0
5259,1366,1,1
5260,1763,1698,0
5261,1200,182,1
5262,430,71,1
5263,70,516,0
5264,1099,739,1
5265,462,588,1
5266,251,1,1
5267,1764,48,1
5268,91,573,1
5269,39,1472,1
5270,512,1562,0
5271,172,1,1
5272,60,706,0
5273,947,478,0
5274,379,510,0
5275,39,106,1
5276,1309,1,1
5277,177,180,1
5278,162,1152,0
5279,247,281,1
5280,447,130,0
5281,31,664,1
5282,39,239,1
5283,91,1301,1
5284,1766,440,1
5285,24,598,0
5286,20,185,1
5287,39,706,1
